"Trigger time","No1 Average Ch1"
"","A"
"26-09-11 11:41:29.036","-1.6875000E-02"
"26-09-11 11:41:30.079","-1.7295792E-02"
"26-09-11 11:41:30.792","-1.6726485E-02"
"26-09-11 11:41:31.696","-1.7227723E-02"
"26-09-11 11:41:32.413","-1.7227723E-02"
"26-09-11 11:41:33.318","-1.6441832E-02"
"26-09-11 11:41:34.032","-1.7048267E-02"
"26-09-11 11:41:34.932","-1.7605198E-02"
"26-09-11 11:41:35.647","-1.6875000E-02"
"26-09-11 11:41:36.544","-1.7518564E-02"
"26-09-11 11:41:37.258","-1.7295792E-02"
"26-09-11 11:41:38.156","-1.7605198E-02"
"26-09-11 11:41:38.874","-1.7066832E-02"
"26-09-11 11:41:39.774","-1.7159653E-02"
"26-09-11 11:41:40.489","-1.7710396E-02"
"26-09-11 11:41:41.384","-1.7747525E-02"
"26-09-11 11:41:42.100","-1.6639851E-02"
"26-09-11 11:41:43.005","-1.7103960E-02"
"26-09-11 11:41:43.721","-1.7159653E-02"
"26-09-11 11:41:44.616","-1.7512376E-02"
"26-09-11 11:41:45.330","-1.6782178E-02"
"26-09-11 11:41:46.237","-1.7939356E-02"
"26-09-11 11:41:46.952","-1.8285891E-02"
"26-09-11 11:41:47.857","-1.6547030E-02"
"26-09-11 11:41:48.576","-1.7054455E-02"
"26-09-11 11:41:49.478","-1.6293317E-02"
"26-09-11 11:41:50.191","-1.7351485E-02"
"26-09-11 11:41:51.097","-1.7357673E-02"
"26-09-11 11:41:51.811","-1.7054455E-02"
"26-09-11 11:41:52.706","-1.8886139E-02"
"26-09-11 11:41:53.421","-1.7444307E-02"
"26-09-11 11:41:54.319","-1.7722772E-02"
"26-09-11 11:41:55.033","-1.7543317E-02"
"26-09-11 11:41:55.936","-1.8038366E-02"
"26-09-11 11:41:56.655","-1.7326733E-02"
"26-09-11 11:41:57.549","-1.7766089E-02"
"26-09-11 11:41:58.262","-1.7060644E-02"
"26-09-11 11:41:59.169","-1.7524752E-02"
"26-09-11 11:41:59.884","-1.8137376E-02"
"26-09-11 11:42:00.779","-1.6485149E-02"
"26-09-11 11:42:01.492","-1.7939356E-02"
"26-09-11 11:42:02.390","-1.6745050E-02"
"26-09-11 11:42:03.106","-1.6856436E-02"
"26-09-11 11:42:04.000","-1.7611386E-02"
"26-09-11 11:42:04.714","-1.7685644E-02"
"26-09-11 11:42:05.608","-1.8155941E-02"
"26-09-11 11:42:06.323","-1.7073020E-02"
"26-09-11 11:42:07.218","-1.7345297E-02"
"26-09-11 11:42:07.932","-1.7524752E-02"
"26-09-11 11:42:08.840","-1.6435644E-02"
"26-09-11 11:42:09.555","-1.7196782E-02"
"26-09-11 11:42:10.460","-1.6392327E-02"
"26-09-11 11:42:11.175","-1.8298267E-02"
"26-09-11 11:42:12.071","-1.8960396E-02"
"26-09-11 11:42:12.785","-1.8273515E-02"
"26-09-11 11:42:13.691","-1.7289604E-02"
