Trigger time,No2 Average Ch2
,A
26-08-17 09:44:54.345,-8.97E-01
26-08-17 09:44:55.491,-8.47E-01
26-08-17 09:44:56.421,-7.84E-01
26-08-17 09:44:57.402,-8.21E-01
26-08-17 09:44:58.341,-8.66E-01
26-08-17 09:44:59.280,-8.65E-01
26-08-17 09:45:00.219,-8.37E-01
26-08-17 09:45:01.159,-8.64E-01
26-08-17 09:45:02.103,-8.62E-01
26-08-17 09:45:03.043,-8.11E-01
26-08-17 09:45:03.987,-8.64E-01
26-08-17 09:45:04.929,-8.91E-01
26-08-17 09:45:05.866,-8.12E-01
26-08-17 09:45:06.809,-7.50E-01
26-08-17 09:45:07.749,-7.70E-01
26-08-17 09:45:08.688,-7.81E-01
26-08-17 09:45:09.629,-7.83E-01
26-08-17 09:45:10.677,-9.25E-01
26-08-17 09:45:11.617,-8.55E-01
26-08-17 09:45:12.558,8.90E+00
26-08-17 09:45:13.498,7.52E+00
26-08-17 09:45:14.438,6.65E+00
26-08-17 09:45:15.377,1.11E+01
26-08-17 09:45:16.318,6.58E+00
26-08-17 09:45:17.258,6.59E+00
26-08-17 09:45:18.204,1.08E+01
26-08-17 09:45:19.142,6.12E+00
26-08-17 09:45:20.083,6.09E+00
26-08-17 09:45:21.024,5.99E+00
26-08-17 09:45:21.967,5.49E+00
26-08-17 09:45:22.907,5.49E+00
26-08-17 09:45:23.849,5.59E+00
26-08-17 09:45:24.910,5.17E+00
26-08-17 09:45:25.851,5.18E+00
26-08-17 09:45:26.798,5.17E+00
26-08-17 09:45:27.740,5.16E+00
26-08-17 09:45:28.682,5.14E+00
26-08-17 09:45:29.625,5.15E+00
26-08-17 09:45:30.572,5.12E+00
26-08-17 09:45:31.514,5.14E+00
26-08-17 09:45:32.457,5.10E+00
26-08-17 09:45:33.400,4.89E+00
26-08-17 09:45:34.341,4.51E+00
26-08-17 09:45:35.290,3.89E+00
26-08-17 09:45:36.229,3.55E+00
26-08-17 09:45:37.172,3.52E+00
26-08-17 09:45:38.249,1.89E+00
26-08-17 09:45:39.191,1.89E+00
26-08-17 09:45:40.134,1.89E+00
26-08-17 09:45:41.077,1.88E+00
26-08-17 09:45:42.028,1.88E+00
26-08-17 09:45:42.974,1.89E+00
26-08-17 09:45:43.912,1.86E+00
26-08-17 09:45:44.852,1.83E+00
26-08-17 09:45:45.791,1.81E+00
26-08-17 09:45:46.731,1.81E+00
26-08-17 09:45:47.671,1.82E+00
26-08-17 09:45:48.613,1.77E+00
26-08-17 09:45:49.552,1.78E+00
26-08-17 09:45:50.644,1.77E+00
26-08-17 09:45:51.589,1.84E+00
26-08-17 09:45:52.530,1.82E+00
26-08-17 09:45:53.471,1.84E+00
26-08-17 09:45:54.412,1.79E+00
26-08-17 09:45:55.352,1.77E+00
26-08-17 09:45:56.298,1.80E+00
26-08-17 09:45:57.237,1.79E+00
26-08-17 09:45:58.442,1.82E+00
26-08-17 09:45:59.380,1.82E+00
26-08-17 09:46:02.701,1.83E+00
26-08-17 09:46:03.637,1.82E+00
26-08-17 09:46:04.736,1.85E+00
26-08-17 09:46:05.928,1.81E+00
26-08-17 09:46:06.859,1.80E+00
26-08-17 09:46:08.315,1.82E+00
26-08-17 09:46:09.508,1.83E+00
26-08-17 09:46:10.435,1.81E+00
26-08-17 09:46:11.365,1.82E+00
26-08-17 09:46:12.300,1.78E+00
26-08-17 09:46:13.230,1.79E+00
26-08-17 09:46:14.302,1.76E+00
26-08-17 09:46:15.230,1.80E+00
26-08-17 09:46:16.159,1.79E+00
26-08-17 09:46:17.088,1.79E+00
26-08-17 09:46:18.016,1.79E+00
26-08-17 09:46:18.945,1.77E+00
26-08-17 09:46:19.880,1.81E+00
26-08-17 09:46:20.810,1.80E+00
26-08-17 09:46:21.739,1.82E+00
26-08-17 09:46:22.670,1.80E+00
26-08-17 09:46:23.756,1.76E+00
26-08-17 09:46:24.686,1.75E+00
26-08-17 09:46:25.615,1.77E+00
26-08-17 09:46:26.810,1.75E+00
26-08-17 09:46:28.279,1.79E+00
26-08-17 09:46:29.195,1.80E+00
26-08-17 09:46:30.108,1.80E+00
26-08-17 09:46:31.021,1.81E+00
26-08-17 09:46:31.991,1.84E+00
26-08-17 09:46:32.904,1.81E+00
26-08-17 09:46:33.817,1.76E+00
26-08-17 09:46:34.733,1.76E+00
26-08-17 09:46:35.650,1.81E+00
26-08-17 09:46:36.566,1.81E+00
26-08-17 09:46:37.488,1.85E+00
26-08-17 09:46:38.403,1.75E+00
26-08-17 09:46:39.320,1.78E+00
26-08-17 09:46:40.235,1.75E+00
26-08-17 09:46:41.151,1.81E+00
26-08-17 09:46:42.067,1.82E+00
26-08-17 09:46:42.985,1.78E+00
26-08-17 09:46:43.980,1.81E+00
26-08-17 09:46:44.900,1.77E+00
26-08-17 09:46:45.817,1.77E+00
26-08-17 09:46:46.735,1.82E+00
26-08-17 09:46:47.651,1.81E+00
26-08-17 09:46:48.569,1.79E+00
26-08-17 09:46:49.485,1.75E+00
26-08-17 09:46:50.403,1.79E+00
26-08-17 09:46:51.320,1.78E+00
26-08-17 09:46:52.236,1.81E+00
26-08-17 09:46:53.157,1.78E+00
26-08-17 09:46:54.075,1.77E+00
26-08-17 09:46:55.088,1.74E+00
26-08-17 09:46:56.004,1.78E+00
26-08-17 09:46:56.922,1.80E+00
26-08-17 09:46:57.841,1.83E+00
26-08-17 09:46:58.758,1.81E+00
26-08-17 09:46:59.676,1.77E+00
26-08-17 09:47:00.595,1.80E+00
26-08-17 09:47:01.515,1.78E+00
26-08-17 09:47:02.431,1.76E+00
26-08-17 09:47:03.346,1.82E+00
26-08-17 09:47:04.262,1.74E+00
26-08-17 09:47:05.288,1.80E+00
26-08-17 09:47:06.203,1.81E+00
26-08-17 09:47:07.119,1.76E+00
26-08-17 09:47:08.034,1.77E+00
26-08-17 09:47:08.971,1.76E+00
26-08-17 09:47:09.887,1.77E+00
26-08-17 09:47:10.803,1.78E+00
26-08-17 09:47:11.719,1.79E+00
26-08-17 09:47:12.636,1.80E+00
26-08-17 09:47:13.677,1.80E+00
26-08-17 09:47:14.594,1.82E+00
26-08-17 09:47:15.510,1.78E+00
26-08-17 09:47:16.426,1.80E+00
26-08-17 09:47:17.347,1.78E+00
26-08-17 09:47:18.264,1.77E+00
26-08-17 09:47:19.182,1.79E+00
26-08-17 09:47:20.099,1.79E+00
26-08-17 09:47:21.017,1.79E+00
26-08-17 09:47:22.074,1.77E+00
26-08-17 09:47:24.966,1.77E+00
26-08-17 09:47:25.893,1.80E+00
26-08-17 09:47:26.818,1.79E+00
26-08-17 09:47:27.749,1.75E+00
26-08-17 09:47:28.675,1.81E+00
26-08-17 09:47:29.603,1.76E+00
26-08-17 09:47:30.528,1.82E+00
26-08-17 09:47:31.455,1.76E+00
26-08-17 09:47:32.529,1.81E+00
26-08-17 09:47:33.456,1.77E+00
26-08-17 09:47:34.383,1.78E+00
26-08-17 09:47:35.315,1.87E+00
26-08-17 09:47:36.240,1.90E+00
26-08-17 09:47:37.167,1.87E+00
26-08-17 09:47:38.092,1.81E+00
26-08-17 09:47:39.019,1.85E+00
26-08-17 09:47:39.946,1.87E+00
26-08-17 09:47:41.033,1.86E+00
26-08-17 09:47:42.223,1.84E+00
26-08-17 09:47:43.518,1.78E+00
26-08-17 09:47:44.441,1.79E+00
26-08-17 09:47:45.361,1.81E+00
26-08-17 09:47:46.280,1.88E+00
26-08-17 09:47:47.199,1.80E+00
26-08-17 09:47:48.266,1.76E+00
26-08-17 09:47:49.185,1.77E+00
26-08-17 09:47:50.105,1.77E+00
26-08-17 09:47:51.024,1.81E+00
26-08-17 09:47:51.944,1.88E+00
26-08-17 09:47:52.867,1.82E+00
26-08-17 09:47:53.786,1.80E+00
26-08-17 09:47:54.707,1.76E+00
26-08-17 09:47:55.785,1.77E+00
26-08-17 09:47:56.968,1.84E+00
26-08-17 09:47:58.153,1.73E+00
26-08-17 09:47:59.072,1.80E+00
26-08-17 09:47:59.993,1.79E+00
26-08-17 09:48:00.917,1.80E+00
26-08-17 09:48:01.983,1.80E+00
26-08-17 09:48:02.903,1.79E+00
26-08-17 09:48:03.824,1.76E+00
26-08-17 09:48:04.744,1.76E+00
26-08-17 09:48:05.664,1.83E+00
26-08-17 09:48:06.584,1.75E+00
26-08-17 09:48:07.504,1.80E+00
26-08-17 09:48:08.425,1.16E+00
26-08-17 09:48:09.508,1.27E-01
26-08-17 09:48:10.429,1.01E-01
26-08-17 09:48:11.613,8.64E-02
26-08-17 09:48:12.799,8.34E-02
26-08-17 09:48:13.720,1.08E-01
26-08-17 09:48:14.640,1.12E-01
26-08-17 09:48:15.562,8.24E-02
26-08-17 09:48:16.630,7.81E-02
26-08-17 09:48:17.552,1.01E-01
26-08-17 09:48:18.477,1.02E-01
26-08-17 09:48:19.398,1.11E-01
26-08-17 09:48:20.319,8.45E-02
26-08-17 09:48:21.240,9.48E-02
26-08-17 09:48:22.161,8.57E-02
26-08-17 09:48:23.083,1.04E-01
26-08-17 09:48:24.165,1.14E-01
26-08-17 09:48:25.087,8.25E-02
26-08-17 09:48:26.276,1.04E-01
26-08-17 09:48:27.461,9.75E-02
26-08-17 09:48:28.383,8.97E-02
26-08-17 09:48:29.305,1.11E-01
26-08-17 09:48:30.226,9.26E-02
26-08-17 09:48:31.293,8.40E-02
26-08-17 09:48:32.213,1.13E-01
26-08-17 09:48:33.136,8.84E-02
26-08-17 09:48:34.058,7.71E-02
26-08-17 09:48:34.984,7.73E-02
26-08-17 09:48:35.906,1.01E-01
26-08-17 09:48:36.828,1.02E-01
26-08-17 09:48:37.907,9.45E-02
26-08-17 09:48:38.830,1.08E-01
26-08-17 09:48:39.751,8.68E-02
26-08-17 09:48:40.938,8.97E-02
26-08-17 09:48:42.124,7.82E-02
26-08-17 09:48:43.046,1.03E-01
26-08-17 09:48:43.971,1.45E-01
26-08-17 09:48:45.039,7.52E-02
26-08-17 09:48:45.960,9.81E-02
26-08-17 09:48:46.884,9.89E-02
26-08-17 09:48:47.806,8.94E-02
26-08-17 09:48:48.729,8.62E-02
26-08-17 09:48:49.651,8.91E-02
26-08-17 09:48:50.575,1.11E-01
26-08-17 09:48:51.503,1.05E-01
26-08-17 09:48:52.582,8.48E-02
26-08-17 09:48:53.504,1.19E-01
26-08-17 09:48:54.428,1.01E-01
26-08-17 09:48:55.614,7.87E-02
26-08-17 09:48:56.801,1.13E-01
26-08-17 09:48:57.725,1.18E-01
26-08-17 09:48:58.648,8.76E-02
26-08-17 09:48:59.717,1.18E-01
26-08-17 09:49:00.643,8.82E-02
26-08-17 09:49:01.567,1.06E-01
26-08-17 09:49:02.491,7.49E-02
26-08-17 09:49:03.412,7.44E-02
26-08-17 09:49:04.334,8.50E-02
26-08-17 09:49:05.255,9.41E-02
26-08-17 09:49:06.176,9.01E-02
26-08-17 09:49:07.254,1.01E-01
26-08-17 09:49:08.202,1.05E-01
26-08-17 09:49:09.134,7.88E-02
26-08-17 09:49:10.589,1.08E-01
26-08-17 09:49:11.781,1.04E-01
26-08-17 09:49:12.710,9.85E-02
26-08-17 09:49:13.638,7.58E-02
26-08-17 09:49:14.642,8.60E-02
26-08-17 09:49:15.572,8.97E-02
26-08-17 09:49:16.501,8.64E-02
26-08-17 09:49:17.434,1.15E-01
26-08-17 09:49:18.362,1.14E-01
26-08-17 09:49:19.292,7.96E-02
26-08-17 09:49:20.222,7.66E-02
26-08-17 09:49:21.153,1.13E-01
26-08-17 09:49:22.083,9.94E-02
26-08-17 09:49:23.013,1.16E-01
26-08-17 09:49:23.944,7.35E-02
26-08-17 09:49:24.969,8.14E-02
26-08-17 09:49:25.921,1.05E-01
26-08-17 09:49:26.852,9.18E-02
26-08-17 09:49:27.784,9.50E-02
26-08-17 09:49:28.716,9.20E-02
26-08-17 09:49:29.648,9.98E-02
26-08-17 09:49:30.580,7.83E-02
26-08-17 09:49:31.513,1.10E-01
26-08-17 09:49:32.446,9.75E-02
26-08-17 09:49:33.379,7.93E-02
26-08-17 09:49:34.316,8.02E-02
26-08-17 09:49:35.359,1.08E-01
26-08-17 09:49:36.292,9.71E-02
26-08-17 09:49:37.226,9.36E-02
26-08-17 09:49:38.159,9.88E-02
26-08-17 09:49:39.094,9.60E-02
26-08-17 09:49:40.028,8.28E-02
26-08-17 09:49:40.963,8.16E-02
26-08-17 09:49:41.899,1.03E-01
26-08-17 09:49:42.835,1.09E-01
26-08-17 09:49:43.770,9.08E-02
26-08-17 09:49:44.831,8.37E-02
26-08-17 09:49:45.766,7.78E-02
26-08-17 09:49:46.703,1.13E-01
26-08-17 09:49:47.638,1.26E-01
26-08-17 09:49:48.576,9.52E-02
26-08-17 09:49:49.513,7.95E-02
26-08-17 09:49:50.454,9.30E-02
26-08-17 09:49:51.391,8.35E-02
26-08-17 09:49:52.330,1.15E-01
26-08-17 09:49:55.364,7.96E-02
26-08-17 09:49:56.309,1.05E-01
26-08-17 09:49:57.255,1.22E-01
26-08-17 09:49:58.203,1.23E-01
26-08-17 09:49:59.151,9.90E-02
26-08-17 09:50:00.097,1.23E-01
26-08-17 09:50:01.049,9.43E-02
26-08-17 09:50:01.996,7.16E-02
26-08-17 09:50:02.944,7.41E-02
26-08-17 09:50:04.041,8.63E-02
26-08-17 09:50:04.990,8.64E-02
26-08-17 09:50:05.938,1.18E-01
26-08-17 09:50:06.887,8.01E-02
26-08-17 09:50:07.836,9.57E-02
26-08-17 09:50:08.785,7.19E-02
26-08-17 09:50:09.735,7.50E-02
26-08-17 09:50:10.687,7.33E-02
26-08-17 09:50:11.637,5.45E-02
26-08-17 09:50:13.010,5.54E-02
26-08-17 09:50:14.337,5.79E-02
26-08-17 09:50:15.279,5.47E-02
26-08-17 09:50:16.221,5.23E-02
26-08-17 09:50:17.163,5.14E-02
26-08-17 09:50:18.108,5.39E-02
26-08-17 09:50:19.052,5.19E-02
26-08-17 09:50:20.142,5.09E-02
26-08-17 09:50:21.085,5.88E-02
26-08-17 09:50:22.030,5.24E-02
26-08-17 09:50:22.974,5.16E-02
26-08-17 09:50:23.920,5.01E-02
26-08-17 09:50:24.864,4.92E-02
26-08-17 09:50:25.808,5.17E-02
26-08-17 09:50:26.916,5.25E-02
26-08-17 09:50:28.125,5.41E-02
26-08-17 09:50:29.335,5.08E-02
26-08-17 09:50:30.280,5.00E-02
26-08-17 09:50:31.226,4.86E-02
26-08-17 09:50:32.172,5.14E-02
26-08-17 09:50:33.118,5.01E-02
26-08-17 09:50:34.211,5.12E-02
26-08-17 09:50:35.156,4.82E-02
26-08-17 09:50:36.108,5.08E-02
26-08-17 09:50:37.055,5.53E-02
26-08-17 09:50:38.002,4.90E-02
26-08-17 09:50:38.949,5.13E-02
26-08-17 09:50:39.898,5.12E-02
26-08-17 09:50:40.846,5.31E-02
26-08-17 09:50:41.953,5.10E-02
26-08-17 09:50:43.164,5.12E-02
26-08-17 09:50:44.382,4.88E-02
26-08-17 09:50:45.330,5.09E-02
26-08-17 09:50:46.279,5.15E-02
26-08-17 09:50:47.227,4.99E-02
26-08-17 09:50:48.178,4.95E-02
26-08-17 09:50:49.273,4.98E-02
26-08-17 09:50:50.223,9.70E-02
26-08-17 09:50:51.173,5.12E-02
26-08-17 09:50:52.124,5.18E-02
26-08-17 09:50:53.075,4.76E-02
26-08-17 09:50:54.026,5.42E-02
26-08-17 09:50:54.977,5.21E-02
26-08-17 09:50:56.086,5.09E-02
26-08-17 09:50:57.036,5.05E-02
26-08-17 09:50:58.252,5.03E-02
26-08-17 09:50:59.467,4.81E-02
26-08-17 09:51:00.419,4.89E-02
26-08-17 09:51:01.371,5.15E-02
26-08-17 09:51:02.328,5.10E-02
26-08-17 09:51:03.428,4.99E-02
26-08-17 09:51:04.381,5.09E-02
26-08-17 09:51:05.334,5.06E-02
26-08-17 09:51:06.287,5.19E-02
26-08-17 09:51:07.240,5.04E-02
26-08-17 09:51:08.194,4.97E-02
26-08-17 09:51:09.147,5.18E-02
26-08-17 09:51:10.107,5.21E-02
26-08-17 09:51:11.216,4.83E-02
26-08-17 09:51:12.172,5.30E-02
26-08-17 09:51:13.389,5.18E-02
26-08-17 09:51:14.609,4.85E-02
26-08-17 09:51:15.564,4.95E-02
26-08-17 09:51:16.518,5.33E-02
26-08-17 09:51:17.473,5.11E-02
26-08-17 09:51:18.573,5.09E-02
26-08-17 09:51:19.532,5.15E-02
26-08-17 09:51:20.487,5.19E-02
26-08-17 09:51:21.443,5.13E-02
26-08-17 09:51:22.399,5.07E-02
26-08-17 09:51:23.354,4.86E-02
26-08-17 09:51:24.310,5.25E-02
26-08-17 09:51:25.267,4.81E-02
26-08-17 09:51:26.381,5.18E-02
26-08-17 09:51:27.337,4.85E-02
26-08-17 09:51:28.562,5.06E-02
26-08-17 09:51:29.783,5.60E-02
26-08-17 09:51:30.740,5.48E-02
26-08-17 09:51:31.698,5.11E-02
26-08-17 09:51:32.657,5.16E-02
26-08-17 09:51:33.760,5.24E-02
26-08-17 09:51:34.718,4.93E-02
26-08-17 09:51:35.690,4.65E-02
26-08-17 09:51:36.652,5.22E-02
26-08-17 09:51:37.611,5.05E-02
26-08-17 09:51:38.570,4.84E-02
26-08-17 09:51:39.530,4.95E-02
26-08-17 09:51:40.645,5.00E-02
26-08-17 09:51:41.604,5.46E-02
26-08-17 09:51:42.563,5.60E-02
26-08-17 09:51:43.788,5.41E-02
26-08-17 09:51:45.013,5.23E-02
26-08-17 09:51:45.999,5.11E-02
26-08-17 09:51:47.104,4.96E-02
26-08-17 09:51:48.066,5.28E-02
26-08-17 09:51:49.028,5.18E-02
26-08-17 09:51:49.990,5.12E-02
26-08-17 09:51:50.953,5.06E-02
26-08-17 09:51:51.915,5.05E-02
26-08-17 09:51:52.877,5.00E-02
26-08-17 09:51:53.841,5.55E-02
26-08-17 09:51:54.962,5.36E-02
26-08-17 09:51:55.925,4.94E-02
26-08-17 09:51:56.888,4.93E-02
26-08-17 09:51:57.852,5.22E-02
26-08-17 09:51:59.342,5.07E-02
26-08-17 09:52:00.571,5.05E-02
26-08-17 09:52:01.536,4.91E-02
26-08-17 09:52:02.645,5.14E-02
26-08-17 09:52:03.614,4.90E-02
26-08-17 09:52:04.580,5.11E-02
26-08-17 09:52:05.545,5.05E-02
26-08-17 09:52:06.510,5.11E-02
26-08-17 09:52:07.477,4.93E-02
26-08-17 09:52:08.443,5.01E-02
26-08-17 09:52:09.565,5.14E-02
26-08-17 09:52:10.531,4.92E-02
26-08-17 09:52:11.498,4.95E-02
26-08-17 09:52:12.470,4.87E-02
26-08-17 09:52:13.702,5.17E-02
26-08-17 09:52:14.931,5.04E-02
26-08-17 09:52:15.899,5.05E-02
26-08-17 09:52:17.012,5.28E-02
26-08-17 09:52:17.981,5.19E-02
26-08-17 09:52:18.949,5.05E-02
26-08-17 09:52:19.917,5.12E-02
26-08-17 09:52:20.886,5.07E-02
26-08-17 09:52:21.858,5.08E-02
26-08-17 09:52:22.828,5.18E-02
26-08-17 09:52:23.798,5.13E-02
26-08-17 09:52:24.922,4.97E-02
26-08-17 09:52:25.891,5.26E-02
26-08-17 09:52:26.861,5.25E-02
26-08-17 09:52:28.095,5.25E-02
26-08-17 09:52:29.327,5.10E-02
26-08-17 09:52:32.327,4.89E-02
26-08-17 09:52:33.299,4.97E-02
26-08-17 09:52:34.421,4.97E-02
26-08-17 09:52:35.398,5.17E-02
26-08-17 09:52:36.377,5.49E-02
26-08-17 09:52:37.353,5.02E-02
26-08-17 09:52:38.332,5.22E-02
26-08-17 09:52:39.309,4.92E-02
26-08-17 09:52:40.287,4.79E-02
26-08-17 09:52:41.269,5.05E-02
26-08-17 09:52:42.249,5.06E-02
26-08-17 09:52:43.382,5.08E-02
26-08-17 09:52:44.362,5.14E-02
26-08-17 09:52:45.339,5.30E-02
26-08-17 09:52:46.321,5.00E-02
26-08-17 09:52:47.563,5.19E-02
26-08-17 09:52:48.798,5.38E-02
26-08-17 09:52:49.770,6.02E-02
26-08-17 09:52:50.747,4.70E-02
26-08-17 09:52:51.868,4.95E-02
26-08-17 09:52:52.840,5.34E-02
26-08-17 09:52:53.814,5.02E-02
26-08-17 09:52:54.787,5.32E-02
26-08-17 09:52:55.760,4.98E-02
26-08-17 09:52:56.734,5.18E-02
26-08-17 09:52:57.709,5.44E-02
26-08-17 09:52:58.847,4.95E-02
26-08-17 09:52:59.820,5.00E-02
26-08-17 09:53:01.322,4.88E-02
26-08-17 09:53:02.562,5.17E-02
26-08-17 09:53:03.538,5.02E-02
26-08-17 09:53:04.514,5.20E-02
26-08-17 09:53:05.490,5.14E-02
26-08-17 09:53:06.617,4.97E-02
26-08-17 09:53:07.592,4.76E-02
26-08-17 09:53:08.573,5.10E-02
26-08-17 09:53:09.550,5.35E-02
26-08-17 09:53:10.526,5.40E-02
26-08-17 09:53:11.502,5.13E-02
26-08-17 09:53:12.479,5.11E-02
26-08-17 09:53:13.721,5.02E-02
26-08-17 09:53:15.122,4.67E-02
26-08-17 09:53:16.100,5.40E-02
26-08-17 09:53:17.077,5.28E-02
26-08-17 09:53:18.059,5.17E-02
26-08-17 09:53:19.037,4.93E-02
26-08-17 09:53:20.015,5.24E-02
26-08-17 09:53:21.148,4.90E-02
26-08-17 09:53:22.126,5.24E-02
26-08-17 09:53:23.104,5.15E-02
26-08-17 09:53:24.088,4.75E-02
26-08-17 09:53:25.071,5.06E-02
26-08-17 09:53:26.330,4.94E-02
26-08-17 09:53:27.581,5.11E-02
26-08-17 09:53:28.713,5.99E-02
26-08-17 09:53:29.700,5.25E-02
26-08-17 09:53:30.718,5.04E-02
26-08-17 09:53:31.705,5.06E-02
26-08-17 09:53:32.693,5.00E-02
26-08-17 09:53:33.679,4.99E-02
26-08-17 09:53:34.667,5.06E-02
26-08-17 09:53:35.816,5.04E-02
26-08-17 09:53:36.804,5.05E-02
26-08-17 09:53:37.792,5.14E-02
26-08-17 09:53:39.043,5.24E-02
26-08-17 09:53:40.296,5.01E-02
26-08-17 09:53:41.284,5.19E-02
26-08-17 09:53:42.272,4.89E-02
26-08-17 09:53:43.340,5.12E-02
26-08-17 09:53:44.328,5.07E-02
26-08-17 09:53:45.321,5.09E-02
26-08-17 09:53:46.311,5.01E-02
26-08-17 09:53:47.300,5.00E-02
26-08-17 09:53:48.288,5.04E-02
26-08-17 09:53:49.278,4.89E-02
26-08-17 09:53:50.268,5.09E-02
26-08-17 09:53:51.260,5.18E-02
26-08-17 09:53:52.249,4.92E-02
26-08-17 09:53:53.245,5.16E-02
26-08-17 09:53:54.331,4.91E-02
26-08-17 09:53:55.322,5.45E-02
26-08-17 09:53:56.312,4.89E-02
26-08-17 09:53:57.305,4.84E-02
26-08-17 09:53:58.297,5.07E-02
26-08-17 09:53:59.289,5.08E-02
26-08-17 09:54:00.280,4.93E-02
26-08-17 09:54:01.274,5.04E-02
26-08-17 09:54:02.270,5.28E-02
26-08-17 09:54:03.261,5.63E-02
26-08-17 09:54:04.253,5.29E-02
26-08-17 09:54:05.357,4.94E-02
26-08-17 09:54:06.349,5.14E-02
26-08-17 09:54:07.342,4.85E-02
26-08-17 09:54:08.336,5.02E-02
26-08-17 09:54:09.329,5.00E-02
26-08-17 09:54:10.323,4.94E-02
26-08-17 09:54:11.339,4.80E-02
26-08-17 09:54:12.334,5.37E-02
26-08-17 09:54:13.329,5.09E-02
26-08-17 09:54:14.450,5.02E-02
26-08-17 09:54:15.447,4.84E-02
26-08-17 09:54:16.443,5.11E-02
26-08-17 09:54:17.439,5.46E-02
26-08-17 09:54:18.435,5.39E-02
26-08-17 09:54:19.436,4.97E-02
26-08-17 09:54:20.433,4.96E-02
26-08-17 09:54:21.431,5.02E-02
26-08-17 09:54:22.430,5.11E-02
26-08-17 09:54:23.566,5.43E-02
26-08-17 09:54:24.565,4.96E-02
26-08-17 09:54:25.564,4.83E-02
26-08-17 09:54:26.563,4.98E-02
26-08-17 09:54:27.562,5.01E-02
26-08-17 09:54:28.565,5.07E-02
26-08-17 09:54:29.564,4.91E-02
26-08-17 09:54:30.564,5.19E-02
26-08-17 09:54:31.712,4.84E-02
26-08-17 09:54:32.712,5.88E-02
26-08-17 09:54:33.712,5.06E-02
26-08-17 09:54:34.714,4.97E-02
26-08-17 09:54:35.714,4.94E-02
26-08-17 09:54:36.716,5.21E-02
26-08-17 09:54:37.721,5.14E-02
26-08-17 09:54:38.883,5.41E-02
26-08-17 09:54:40.149,5.59E-02
26-08-17 09:54:41.415,5.06E-02
26-08-17 09:54:42.681,5.26E-02
26-08-17 09:54:44.213,5.13E-02
26-08-17 09:54:45.744,4.65E-02
26-08-17 09:54:46.746,5.02E-02
26-08-17 09:54:47.803,5.19E-02
26-08-17 09:54:48.809,4.90E-02
26-08-17 09:54:49.811,4.92E-02
26-08-17 09:54:50.814,5.58E-02
26-08-17 09:54:51.816,5.40E-02
26-08-17 09:54:52.820,5.00E-02
26-08-17 09:54:53.823,5.08E-02
26-08-17 09:54:54.826,4.93E-02
26-08-17 09:54:55.829,5.21E-02
26-08-17 09:54:56.837,5.12E-02
26-08-17 09:54:57.841,4.93E-02
26-08-17 09:54:58.846,5.09E-02
26-08-17 09:54:59.924,5.25E-02
26-08-17 09:55:00.930,5.14E-02
26-08-17 09:55:01.935,4.99E-02
26-08-17 09:55:02.941,4.85E-02
26-08-17 09:55:03.947,4.86E-02
26-08-17 09:55:04.953,4.96E-02
26-08-17 09:55:05.963,5.18E-02
26-08-17 09:55:06.971,5.10E-02
26-08-17 09:55:07.978,4.90E-02
26-08-17 09:55:08.985,4.83E-02
26-08-17 09:55:09.992,5.19E-02
26-08-17 09:55:11.000,5.52E-02
26-08-17 09:55:13.543,5.32E-02
26-08-17 09:55:14.559,5.05E-02
26-08-17 09:55:15.577,4.87E-02
26-08-17 09:55:16.597,4.62E-02
26-08-17 09:55:17.615,5.03E-02
26-08-17 09:55:18.631,5.30E-02
26-08-17 09:55:19.648,4.88E-02
26-08-17 09:55:20.666,4.99E-02
26-08-17 09:55:21.685,5.14E-02
26-08-17 09:55:22.702,5.47E-02
26-08-17 09:55:23.721,5.41E-02
26-08-17 09:55:24.742,4.80E-02
26-08-17 09:55:25.868,5.11E-02
26-08-17 09:55:26.886,5.08E-02
26-08-17 09:55:27.905,4.89E-02
26-08-17 09:55:28.925,1.11E-01
26-08-17 09:55:29.945,5.19E-02
26-08-17 09:55:30.966,4.99E-02
26-08-17 09:55:31.987,4.95E-02
26-08-17 09:55:33.007,5.06E-02
26-08-17 09:55:34.031,5.30E-02
26-08-17 09:55:35.052,5.03E-02
26-08-17 09:55:36.074,5.00E-02
26-08-17 09:55:37.094,4.90E-02
26-08-17 09:55:38.234,4.89E-02
26-08-17 09:55:39.255,5.10E-02
26-08-17 09:55:40.277,4.99E-02
26-08-17 09:55:41.299,4.81E-02
26-08-17 09:55:42.322,4.92E-02
26-08-17 09:55:43.349,5.20E-02
26-08-17 09:55:44.373,4.95E-02
26-08-17 09:55:45.396,5.19E-02
26-08-17 09:55:46.422,5.10E-02
26-08-17 09:55:47.446,5.01E-02
26-08-17 09:55:48.604,4.75E-02
26-08-17 09:55:49.628,5.12E-02
26-08-17 09:55:50.655,5.36E-02
26-08-17 09:55:51.695,5.12E-02
26-08-17 09:55:52.721,4.95E-02
26-08-17 09:55:53.745,4.58E-02
26-08-17 09:55:54.773,5.06E-02
26-08-17 09:55:55.798,5.29E-02
26-08-17 09:55:56.826,5.10E-02
26-08-17 09:55:57.852,4.98E-02
26-08-17 09:55:59.022,4.89E-02
26-08-17 09:56:00.048,4.95E-02
26-08-17 09:56:01.080,5.00E-02
26-08-17 09:56:02.108,5.15E-02
26-08-17 09:56:03.138,4.64E-02
26-08-17 09:56:04.165,5.39E-02
26-08-17 09:56:05.193,4.94E-02
26-08-17 09:56:06.218,5.12E-02
26-08-17 09:56:07.246,5.05E-02
26-08-17 09:56:08.424,5.09E-02
26-08-17 09:56:09.452,5.02E-02
26-08-17 09:56:10.482,5.02E-02
26-08-17 09:56:11.511,4.89E-02
26-08-17 09:56:12.538,5.33E-02
26-08-17 09:56:13.568,5.13E-02
26-08-17 09:56:14.868,5.00E-02
26-08-17 09:56:16.147,5.08E-02
26-08-17 09:56:17.260,5.21E-02
26-08-17 09:56:18.280,4.97E-02
26-08-17 09:56:19.305,5.15E-02
26-08-17 09:56:20.327,5.10E-02
26-08-17 09:56:21.349,4.96E-02
26-08-17 09:56:22.371,4.91E-02
26-08-17 09:56:23.394,4.92E-02
26-08-17 09:56:24.417,4.85E-02
26-08-17 09:56:25.441,5.21E-02
26-08-17 09:56:26.464,5.03E-02
26-08-17 09:56:27.488,5.19E-02
26-08-17 09:56:28.622,5.04E-02
26-08-17 09:56:29.645,4.94E-02
26-08-17 09:56:30.669,5.16E-02
26-08-17 09:56:31.694,5.61E-02
26-08-17 09:56:32.717,5.07E-02
26-08-17 09:56:33.741,4.99E-02
26-08-17 09:56:34.767,5.10E-02
26-08-17 09:56:35.791,5.26E-02
26-08-17 09:56:36.816,5.40E-02
26-08-17 09:56:37.862,5.38E-02
26-08-17 09:56:39.010,4.94E-02
26-08-17 09:56:40.035,4.96E-02
26-08-17 09:56:41.060,5.02E-02
26-08-17 09:56:42.087,5.07E-02
26-08-17 09:56:43.114,5.16E-02
26-08-17 09:56:44.139,5.29E-02
26-08-17 09:56:45.165,4.96E-02
26-08-17 09:56:46.196,5.15E-02
26-08-17 09:56:47.224,5.27E-02
26-08-17 09:56:48.389,5.17E-02
26-08-17 09:56:49.417,5.12E-02
26-08-17 09:56:50.446,4.97E-02
26-08-17 09:56:51.475,5.15E-02
26-08-17 09:56:52.504,5.00E-02
26-08-17 09:56:53.534,5.21E-02
26-08-17 09:56:54.564,5.42E-02
26-08-17 09:56:55.598,4.93E-02
26-08-17 09:56:56.628,5.03E-02
26-08-17 09:56:57.809,4.95E-02
26-08-17 09:56:58.842,4.95E-02
26-08-17 09:56:59.874,4.97E-02
26-08-17 09:57:00.907,5.02E-02
26-08-17 09:57:01.940,4.98E-02
26-08-17 09:57:02.974,4.91E-02
26-08-17 09:57:04.008,5.02E-02
26-08-17 09:57:05.477,4.89E-02
26-08-17 09:57:06.775,5.08E-02
26-08-17 09:57:07.811,5.50E-02
26-08-17 09:57:08.846,5.59E-02
26-08-17 09:57:09.880,5.06E-02
26-08-17 09:57:10.915,4.92E-02
26-08-17 09:57:11.950,5.06E-02
26-08-17 09:57:13.088,5.11E-02
26-08-17 09:57:14.128,5.16E-02
26-08-17 09:57:15.164,5.33E-02
26-08-17 09:57:16.200,5.06E-02
26-08-17 09:57:17.237,5.03E-02
26-08-17 09:57:18.273,5.05E-02
26-08-17 09:57:19.312,5.14E-02
26-08-17 09:57:20.348,5.29E-02
26-08-17 09:57:21.386,5.35E-02
26-08-17 09:57:22.423,5.07E-02
26-08-17 09:57:23.581,4.83E-02
26-08-17 09:57:24.618,4.85E-02
26-08-17 09:57:25.656,5.11E-02
26-08-17 09:57:26.694,4.98E-02
26-08-17 09:57:27.732,5.07E-02
26-08-17 09:57:28.771,9.52E-02
26-08-17 09:57:29.810,4.69E-02
26-08-17 09:57:30.852,5.10E-02
26-08-17 09:57:31.893,5.04E-02
26-08-17 09:57:32.938,5.09E-02
26-08-17 09:57:34.108,5.27E-02
26-08-17 09:57:35.148,4.93E-02
26-08-17 09:57:36.188,4.93E-02
26-08-17 09:57:37.229,5.07E-02
26-08-17 09:57:38.270,5.19E-02
26-08-17 09:57:39.312,4.95E-02
26-08-17 09:57:40.354,4.99E-02
26-08-17 09:57:41.400,5.02E-02
26-08-17 09:57:42.584,4.91E-02
26-08-17 09:57:43.626,4.94E-02
26-08-17 09:57:44.669,5.01E-02
26-08-17 09:57:45.711,4.99E-02
26-08-17 09:57:46.753,5.05E-02
26-08-17 09:57:47.796,4.92E-02
26-08-17 09:57:48.841,4.88E-02
26-08-17 09:57:49.884,5.21E-02
26-08-17 09:57:51.086,5.19E-02
26-08-17 09:57:52.130,5.35E-02
26-08-17 09:57:53.174,5.06E-02
26-08-17 09:57:56.180,5.31E-02
26-08-17 09:57:57.231,5.05E-02
26-08-17 09:58:00.499,4.91E-02
26-08-17 09:58:02.084,4.67E-02
26-08-17 09:58:03.394,4.73E-02
26-08-17 09:58:04.889,5.20E-02
26-08-17 09:58:06.205,4.99E-02
26-08-17 09:58:07.253,5.15E-02
26-08-17 09:58:08.303,5.03E-02
26-08-17 09:58:09.352,4.90E-02
26-08-17 09:58:10.401,4.94E-02
26-08-17 09:58:11.553,5.41E-02
26-08-17 09:58:12.603,5.03E-02
26-08-17 09:58:13.654,4.90E-02
26-08-17 09:58:14.709,4.99E-02
26-08-17 09:58:15.760,5.29E-02
26-08-17 09:58:16.813,5.27E-02
26-08-17 09:58:17.866,5.03E-02
26-08-17 09:58:18.918,4.85E-02
26-08-17 09:58:19.971,4.77E-02
26-08-17 09:58:21.026,4.89E-02
26-08-17 09:58:22.196,4.72E-02
26-08-17 09:58:23.249,5.03E-02
26-08-17 09:58:24.307,5.09E-02
26-08-17 09:58:25.363,5.19E-02
26-08-17 09:58:26.417,4.68E-02
26-08-17 09:58:27.472,4.97E-02
26-08-17 09:58:28.528,5.04E-02
26-08-17 09:58:29.583,5.04E-02
26-08-17 09:58:30.639,5.31E-02
26-08-17 09:58:31.826,5.15E-02
26-08-17 09:58:32.883,4.65E-02
26-08-17 09:58:33.944,4.92E-02
26-08-17 09:58:35.000,4.89E-02
26-08-17 09:58:36.057,5.63E-02
26-08-17 09:58:37.115,5.53E-02
26-08-17 09:58:38.174,5.21E-02
26-08-17 09:58:39.233,6.50E-02
26-08-17 09:58:40.293,5.13E-02
26-08-17 09:58:41.494,5.02E-02
26-08-17 09:58:42.557,5.15E-02
26-08-17 09:58:43.617,5.16E-02
26-08-17 09:58:44.678,5.18E-02
26-08-17 09:58:45.739,5.20E-02
26-08-17 09:58:46.801,5.06E-02
26-08-17 09:58:47.862,4.80E-02
26-08-17 09:58:49.078,5.03E-02
26-08-17 09:58:50.139,5.17E-02
26-08-17 09:58:51.201,5.00E-02
26-08-17 09:58:52.267,5.02E-02
26-08-17 09:58:53.330,5.05E-02
26-08-17 09:58:54.656,5.05E-02
26-08-17 09:58:55.984,4.86E-02
26-08-17 09:58:57.172,4.85E-02
26-08-17 09:58:58.235,4.81E-02
26-08-17 09:58:59.299,4.98E-02
26-08-17 09:59:00.364,5.62E-02
26-08-17 09:59:01.429,5.46E-02
26-08-17 09:59:02.499,5.07E-02
26-08-17 09:59:03.565,4.97E-02
26-08-17 09:59:04.632,5.15E-02
26-08-17 09:59:05.697,4.85E-02
26-08-17 09:59:06.900,5.09E-02
26-08-17 09:59:07.967,4.99E-02
26-08-17 09:59:09.034,4.84E-02
26-08-17 09:59:10.101,4.85E-02
26-08-17 09:59:11.170,5.00E-02
26-08-17 09:59:12.256,4.94E-02
26-08-17 09:59:13.325,4.94E-02
26-08-17 09:59:14.395,4.78E-02
26-08-17 09:59:15.611,5.14E-02
26-08-17 09:59:16.681,4.86E-02
26-08-17 09:59:17.751,4.82E-02
26-08-17 09:59:18.823,5.05E-02
26-08-17 09:59:19.893,5.15E-02
26-08-17 09:59:20.965,5.03E-02
26-08-17 09:59:22.035,5.09E-02
26-08-17 09:59:23.265,5.00E-02
26-08-17 09:59:24.864,4.87E-02
26-08-17 09:59:26.466,4.96E-02
26-08-17 09:59:27.539,4.98E-02
26-08-17 09:59:28.613,9.19E-02
26-08-17 09:59:29.685,5.05E-02
26-08-17 09:59:30.818,5.27E-02
26-08-17 09:59:31.896,5.09E-02
26-08-17 09:59:32.969,8.20E-02
26-08-17 09:59:34.044,4.96E-02
26-08-17 09:59:35.119,4.72E-02
26-08-17 09:59:36.194,5.37E-02
26-08-17 09:59:37.271,5.67E-02
26-08-17 09:59:38.348,4.86E-02
26-08-17 09:59:39.424,4.99E-02
26-08-17 09:59:40.501,4.82E-02
26-08-17 09:59:41.583,4.74E-02
26-08-17 09:59:42.659,4.96E-02
26-08-17 09:59:43.737,5.14E-02
26-08-17 09:59:44.893,5.02E-02
26-08-17 09:59:45.970,5.21E-02
26-08-17 09:59:47.049,5.18E-02
26-08-17 09:59:48.128,5.02E-02
26-08-17 09:59:49.207,4.95E-02
26-08-17 09:59:50.291,5.50E-02
26-08-17 09:59:51.371,5.03E-02
26-08-17 09:59:52.452,4.70E-02
26-08-17 09:59:53.532,4.89E-02
26-08-17 09:59:54.612,4.87E-02
26-08-17 09:59:55.693,4.84E-02
26-08-17 09:59:56.870,5.14E-02
26-08-17 09:59:57.952,5.03E-02
26-08-17 09:59:59.035,5.33E-02
26-08-17 10:00:00.119,5.38E-02
26-08-17 10:00:01.201,5.12E-02
26-08-17 10:00:02.284,4.99E-02
26-08-17 10:00:03.368,4.72E-02
26-08-17 10:00:04.452,5.11E-02
26-08-17 10:00:05.537,5.12E-02
26-08-17 10:00:06.621,5.00E-02
26-08-17 10:00:07.707,4.85E-02
26-08-17 10:00:08.900,4.94E-02
26-08-17 10:00:09.990,4.99E-02
26-08-17 10:00:11.076,5.03E-02
26-08-17 10:00:12.162,5.15E-02
26-08-17 10:00:13.249,5.15E-02
26-08-17 10:00:14.337,5.12E-02
26-08-17 10:00:15.424,5.18E-02
26-08-17 10:00:16.512,5.00E-02
26-08-17 10:00:17.600,4.92E-02
26-08-17 10:00:18.817,5.11E-02
26-08-17 10:00:19.905,5.26E-02
26-08-17 10:00:20.993,5.05E-02
26-08-17 10:00:22.082,5.45E-02
26-08-17 10:00:23.171,5.53E-02
26-08-17 10:00:24.261,4.96E-02
26-08-17 10:00:25.350,4.97E-02
26-08-17 10:00:26.439,5.06E-02
26-08-17 10:00:27.529,4.85E-02
26-08-17 10:00:28.760,5.09E-02
26-08-17 10:00:29.851,5.01E-02
26-08-17 10:00:30.940,5.25E-02
26-08-17 10:00:32.032,4.99E-02
26-08-17 10:00:33.124,4.95E-02
26-08-17 10:00:34.215,4.62E-02
26-08-17 10:00:35.306,4.82E-02
26-08-17 10:00:36.398,5.11E-02
26-08-17 10:00:37.638,5.27E-02
26-08-17 10:00:38.735,5.43E-02
26-08-17 10:00:39.828,5.04E-02
26-08-17 10:00:40.922,4.92E-02
26-08-17 10:00:42.017,4.61E-02
26-08-17 10:00:43.112,4.82E-02
26-08-17 10:00:44.206,4.94E-02
26-08-17 10:00:45.471,5.26E-02
26-08-17 10:00:46.829,5.20E-02
26-08-17 10:00:49.636,7.69E-02
26-08-17 10:00:51.263,5.02E-02
26-08-17 10:00:52.366,4.98E-02
26-08-17 10:00:53.472,5.11E-02
26-08-17 10:00:54.576,4.95E-02
26-08-17 10:00:55.682,4.94E-02
26-08-17 10:00:56.844,4.87E-02
26-08-17 10:00:57.950,5.02E-02
26-08-17 10:00:59.055,5.26E-02
26-08-17 10:01:00.164,4.82E-02
26-08-17 10:01:01.270,4.88E-02
26-08-17 10:01:02.377,5.03E-02
26-08-17 10:01:03.483,5.01E-02
26-08-17 10:01:04.592,4.99E-02
26-08-17 10:01:05.699,5.25E-02
26-08-17 10:01:06.808,5.37E-02
26-08-17 10:01:07.916,4.90E-02
26-08-17 10:01:09.026,5.12E-02
26-08-17 10:01:10.138,5.10E-02
26-08-17 10:01:11.247,5.15E-02
26-08-17 10:01:12.358,4.85E-02
26-08-17 10:01:13.543,5.01E-02
26-08-17 10:01:14.653,4.96E-02
26-08-17 10:01:15.764,4.87E-02
26-08-17 10:01:16.875,5.22E-02
26-08-17 10:01:17.987,5.06E-02
26-08-17 10:01:19.103,4.97E-02
26-08-17 10:01:20.215,4.80E-02
26-08-17 10:01:21.327,4.88E-02
26-08-17 10:01:22.441,5.33E-02
26-08-17 10:01:23.553,5.35E-02
26-08-17 10:01:24.667,5.41E-02
26-08-17 10:01:25.781,4.90E-02
26-08-17 10:01:26.896,4.81E-02
26-08-17 10:01:28.009,5.07E-02
26-08-17 10:01:29.218,4.97E-02
26-08-17 10:01:30.334,5.12E-02
26-08-17 10:01:31.451,5.05E-02
26-08-17 10:01:32.567,5.12E-02
26-08-17 10:01:33.683,4.92E-02
26-08-17 10:01:34.799,4.94E-02
26-08-17 10:01:35.916,5.10E-02
26-08-17 10:01:37.033,4.99E-02
26-08-17 10:01:38.151,5.16E-02
26-08-17 10:01:39.271,4.92E-02
26-08-17 10:01:40.388,5.10E-02
26-08-17 10:01:41.506,5.32E-02
26-08-17 10:01:42.625,5.17E-02
26-08-17 10:01:43.849,1.13E-01
26-08-17 10:01:44.967,4.98E-02
26-08-17 10:01:46.086,4.89E-02
26-08-17 10:01:47.206,4.81E-02
26-08-17 10:01:48.358,4.97E-02
26-08-17 10:01:49.480,4.97E-02
26-08-17 10:01:50.605,5.51E-02
26-08-17 10:01:51.728,4.90E-02
26-08-17 10:01:52.854,5.17E-02
26-08-17 10:01:53.977,5.05E-02
26-08-17 10:01:55.104,4.85E-02
26-08-17 10:01:56.348,5.10E-02
26-08-17 10:01:57.475,4.83E-02
26-08-17 10:01:58.608,8.30E-02
26-08-17 10:01:59.735,4.91E-02
26-08-17 10:02:00.862,5.03E-02
26-08-17 10:02:01.991,4.86E-02
26-08-17 10:02:03.119,5.10E-02
26-08-17 10:02:04.249,5.20E-02
26-08-17 10:02:05.384,4.96E-02
26-08-17 10:02:06.513,4.97E-02
26-08-17 10:02:07.643,5.21E-02
26-08-17 10:02:08.913,5.19E-02
26-08-17 10:02:10.042,4.97E-02
26-08-17 10:02:11.174,4.70E-02
26-08-17 10:02:12.305,4.93E-02
26-08-17 10:02:13.437,5.55E-02
26-08-17 10:02:14.567,5.45E-02
26-08-17 10:02:15.700,5.05E-02
26-08-17 10:02:16.833,4.93E-02
26-08-17 10:02:17.972,5.08E-02
26-08-17 10:02:19.103,5.02E-02
26-08-17 10:02:20.383,5.17E-02
26-08-17 10:02:21.516,4.91E-02
26-08-17 10:02:22.651,4.89E-02
26-08-17 10:02:23.784,5.26E-02
26-08-17 10:02:24.920,5.40E-02
26-08-17 10:02:26.054,5.35E-02
26-08-17 10:02:27.190,4.81E-02
26-08-17 10:02:28.330,5.11E-02
26-08-17 10:02:29.469,5.17E-02
26-08-17 10:02:30.761,9.20E-02
26-08-17 10:02:31.898,4.85E-02
26-08-17 10:02:33.034,4.64E-02
26-08-17 10:02:34.171,5.08E-02
26-08-17 10:02:35.571,5.11E-02
26-08-17 10:02:36.956,4.80E-02
26-08-17 10:02:38.083,4.93E-02
26-08-17 10:02:39.271,5.01E-02
26-08-17 10:02:40.398,5.01E-02
26-08-17 10:02:41.525,5.05E-02
26-08-17 10:02:42.653,4.82E-02
26-08-17 10:02:43.782,5.01E-02
26-08-17 10:02:44.911,4.84E-02
26-08-17 10:02:46.040,5.04E-02
26-08-17 10:02:47.169,4.94E-02
26-08-17 10:02:48.303,4.94E-02
26-08-17 10:02:49.433,8.44E-02
26-08-17 10:02:50.564,5.13E-02
26-08-17 10:02:51.695,5.05E-02
26-08-17 10:02:52.857,5.22E-02
26-08-17 10:02:54.066,4.89E-02
26-08-17 10:02:55.199,5.05E-02
26-08-17 10:02:56.334,5.11E-02
26-08-17 10:02:57.469,4.92E-02
26-08-17 10:02:58.608,4.83E-02
26-08-17 10:02:59.744,4.95E-02
26-08-17 10:03:00.879,4.73E-02
26-08-17 10:03:02.015,5.06E-02
26-08-17 10:03:03.152,5.58E-02
26-08-17 10:03:04.288,4.97E-02
26-08-17 10:03:05.424,5.05E-02
26-08-17 10:03:06.562,4.92E-02
26-08-17 10:03:07.792,4.89E-02
26-08-17 10:03:08.934,5.35E-02
26-08-17 10:03:10.071,4.86E-02
26-08-17 10:03:11.210,4.95E-02
26-08-17 10:03:12.349,4.98E-02
26-08-17 10:03:13.489,5.16E-02
26-08-17 10:03:14.630,4.90E-02
26-08-17 10:03:15.771,5.01E-02
26-08-17 10:03:16.911,4.86E-02
26-08-17 10:03:18.055,4.84E-02
26-08-17 10:03:19.196,4.89E-02
26-08-17 10:03:20.447,4.99E-02
26-08-17 10:03:21.589,5.06E-02
26-08-17 10:03:22.731,5.18E-02
26-08-17 10:03:23.874,5.26E-02
26-08-17 10:03:25.016,4.96E-02
26-08-17 10:03:26.159,5.04E-02
26-08-17 10:03:27.303,4.76E-02
26-08-17 10:03:28.451,4.89E-02
26-08-17 10:03:29.595,5.04E-02
26-08-17 10:03:30.739,4.99E-02
26-08-17 10:03:32.008,5.08E-02
26-08-17 10:03:33.152,5.37E-02
26-08-17 10:03:34.297,4.96E-02
26-08-17 10:03:35.444,5.23E-02
26-08-17 10:03:36.590,5.03E-02
26-08-17 10:03:37.737,4.90E-02
26-08-17 10:03:38.888,4.92E-02
26-08-17 10:03:40.035,4.71E-02
26-08-17 10:03:41.183,4.93E-02
26-08-17 10:03:42.468,4.96E-02
26-08-17 10:03:43.614,5.00E-02
26-08-17 10:03:44.774,5.25E-02
26-08-17 10:03:45.924,4.88E-02
26-08-17 10:03:47.081,5.06E-02
26-08-17 10:03:48.239,5.27E-02
26-08-17 10:03:49.396,5.27E-02
26-08-17 10:03:50.551,5.31E-02
26-08-17 10:03:51.708,5.03E-02
26-08-17 10:03:53.012,4.85E-02
26-08-17 10:03:54.169,4.77E-02
26-08-17 10:03:55.325,4.96E-02
26-08-17 10:03:56.485,5.06E-02
26-08-17 10:03:57.643,4.77E-02
26-08-17 10:03:58.807,4.68E-02
26-08-17 10:03:59.966,4.81E-02
26-08-17 10:04:01.127,5.30E-02
26-08-17 10:04:02.286,5.16E-02
26-08-17 10:04:03.607,4.99E-02
26-08-17 10:04:05.030,5.07E-02
26-08-17 10:04:06.446,4.84E-02
26-08-17 10:04:07.600,4.94E-02
26-08-17 10:04:08.754,4.85E-02
26-08-17 10:04:09.912,5.13E-02
26-08-17 10:04:11.066,4.94E-02
26-08-17 10:04:12.220,4.82E-02
26-08-17 10:04:13.524,5.20E-02
26-08-17 10:04:14.681,5.14E-02
26-08-17 10:04:15.836,4.90E-02
26-08-17 10:04:16.992,4.74E-02
26-08-17 10:04:18.149,4.96E-02
26-08-17 10:04:19.305,4.92E-02
26-08-17 10:04:20.467,5.01E-02
26-08-17 10:04:22.050,4.56E-02
26-08-17 10:04:23.471,4.78E-02
26-08-17 10:04:24.630,4.86E-02
26-08-17 10:04:25.788,4.95E-02
26-08-17 10:04:26.947,5.22E-02
26-08-17 10:04:28.106,4.74E-02
26-08-17 10:04:29.266,5.25E-02
26-08-17 10:04:30.595,4.83E-02
26-08-17 10:04:31.756,5.12E-02
26-08-17 10:04:32.916,5.13E-02
26-08-17 10:04:34.077,5.21E-02
26-08-17 10:04:35.238,4.85E-02
26-08-17 10:04:36.400,5.15E-02
26-08-17 10:04:37.562,5.04E-02
26-08-17 10:04:39.148,5.54E-02
26-08-17 10:04:40.573,4.97E-02
26-08-17 10:04:41.741,4.79E-02
26-08-17 10:04:42.904,4.87E-02
26-08-17 10:04:44.068,5.04E-02
26-08-17 10:04:45.235,5.01E-02
26-08-17 10:04:46.401,4.79E-02
26-08-17 10:04:47.719,5.11E-02
26-08-17 10:04:48.887,5.06E-02
26-08-17 10:04:50.055,4.95E-02
26-08-17 10:04:51.224,5.02E-02
26-08-17 10:04:52.396,4.80E-02
26-08-17 10:04:53.565,4.79E-02
26-08-17 10:04:54.735,4.87E-02
26-08-17 10:04:56.591,5.04E-02
26-08-17 10:04:58.026,4.98E-02
26-08-17 10:04:59.196,5.22E-02
26-08-17 10:05:00.368,4.95E-02
26-08-17 10:05:01.538,4.95E-02
26-08-17 10:05:02.713,5.00E-02
26-08-17 10:05:04.034,4.75E-02
26-08-17 10:05:05.206,4.89E-02
26-08-17 10:05:06.379,4.71E-02
26-08-17 10:05:07.551,4.98E-02
26-08-17 10:05:08.725,5.58E-02
26-08-17 10:05:09.898,5.16E-02
26-08-17 10:05:11.071,4.62E-02
26-08-17 10:05:12.246,4.84E-02
26-08-17 10:05:14.111,4.95E-02
26-08-17 10:05:15.549,4.83E-02
26-08-17 10:05:16.725,4.84E-02
26-08-17 10:05:17.901,5.62E-02
26-08-17 10:05:19.078,5.28E-02
26-08-17 10:05:20.254,5.28E-02
26-08-17 10:05:21.581,5.14E-02
26-08-17 10:05:22.758,5.59E-02
26-08-17 10:05:23.935,5.32E-02
26-08-17 10:05:25.116,4.94E-02
26-08-17 10:05:26.295,5.23E-02
26-08-17 10:05:27.474,4.79E-02
26-08-17 10:05:28.652,5.24E-02
26-08-17 10:05:29.992,4.79E-02
26-08-17 10:05:31.699,5.09E-02
26-08-17 10:05:33.144,5.09E-02
26-08-17 10:05:34.324,5.03E-02
26-08-17 10:05:35.509,5.26E-02
26-08-17 10:05:36.690,5.18E-02
26-08-17 10:05:37.873,4.90E-02
26-08-17 10:05:39.204,4.84E-02
26-08-17 10:05:40.387,4.81E-02
26-08-17 10:05:41.571,5.07E-02
26-08-17 10:05:42.755,4.98E-02
26-08-17 10:05:43.938,4.70E-02
26-08-17 10:05:45.123,4.98E-02
26-08-17 10:05:46.311,4.73E-02
26-08-17 10:05:47.656,7.11E-02
26-08-17 10:05:49.369,4.99E-02
26-08-17 10:05:50.818,5.47E-02
26-08-17 10:05:52.003,4.94E-02
26-08-17 10:05:53.190,4.94E-02
26-08-17 10:05:54.375,5.01E-02
26-08-17 10:05:55.563,5.13E-02
26-08-17 10:05:56.897,4.92E-02
26-08-17 10:05:58.089,4.71E-02
26-08-17 10:05:59.276,4.83E-02
26-08-17 10:06:00.465,4.65E-02
26-08-17 10:06:01.653,4.91E-02
26-08-17 10:06:02.843,4.78E-02
26-08-17 10:06:04.033,5.08E-02
26-08-17 10:06:05.380,4.63E-02
26-08-17 10:06:07.098,4.86E-02
26-08-17 10:06:08.556,4.85E-02
26-08-17 10:06:09.745,4.88E-02
26-08-17 10:06:10.937,8.24E-02
26-08-17 10:06:12.129,4.73E-02
26-08-17 10:06:13.468,4.94E-02
26-08-17 10:06:14.660,5.11E-02
26-08-17 10:06:15.854,5.05E-02
26-08-17 10:06:17.046,9.01E-02
26-08-17 10:06:18.240,4.90E-02
26-08-17 10:06:19.436,5.06E-02
26-08-17 10:06:20.631,4.98E-02
26-08-17 10:06:21.825,4.99E-02
26-08-17 10:06:23.179,5.40E-02
26-08-17 10:06:24.899,5.21E-02
26-08-17 10:06:26.359,4.96E-02
26-08-17 10:06:27.553,5.00E-02
26-08-17 10:06:28.750,4.89E-02
26-08-17 10:06:29.946,4.99E-02
26-08-17 10:06:31.296,5.14E-02
26-08-17 10:06:32.491,4.97E-02
26-08-17 10:06:33.690,5.02E-02
26-08-17 10:06:34.886,4.78E-02
26-08-17 10:06:36.085,4.73E-02
26-08-17 10:06:37.282,4.83E-02
26-08-17 10:06:38.481,5.43E-02
26-08-17 10:06:39.839,5.29E-02
26-08-17 10:06:41.041,5.11E-02
26-08-17 10:06:42.767,5.00E-02
26-08-17 10:06:44.231,5.04E-02
26-08-17 10:06:45.431,4.88E-02
26-08-17 10:06:46.633,4.99E-02
26-08-17 10:06:47.834,4.91E-02
26-08-17 10:06:49.184,4.98E-02
26-08-17 10:06:50.385,5.13E-02
26-08-17 10:06:51.588,4.88E-02
26-08-17 10:06:52.794,4.85E-02
26-08-17 10:06:53.998,5.06E-02
26-08-17 10:06:55.201,5.28E-02
26-08-17 10:06:56.416,4.66E-02
26-08-17 10:06:57.629,5.14E-02
26-08-17 10:06:58.999,4.98E-02
26-08-17 10:07:00.476,5.07E-02
26-08-17 10:07:01.947,4.66E-02
26-08-17 10:07:03.151,4.77E-02
26-08-17 10:07:04.625,5.03E-02
26-08-17 10:07:06.099,4.68E-02
26-08-17 10:07:07.454,4.83E-02
26-08-17 10:07:08.660,4.59E-02
26-08-17 10:07:09.868,5.00E-02
26-08-17 10:07:11.075,4.84E-02
26-08-17 10:07:12.282,5.06E-02
26-08-17 10:07:13.490,4.60E-02
26-08-17 10:07:14.702,4.70E-02
26-08-17 10:07:15.911,4.75E-02
26-08-17 10:07:17.277,4.85E-02
26-08-17 10:07:19.012,4.96E-02
26-08-17 10:07:20.488,5.81E-02
26-08-17 10:07:21.696,4.91E-02
26-08-17 10:07:22.906,5.00E-02
26-08-17 10:07:24.116,4.84E-02
26-08-17 10:07:25.474,5.00E-02
26-08-17 10:07:26.707,4.88E-02
26-08-17 10:07:27.920,5.01E-02
26-08-17 10:07:29.132,4.84E-02
26-08-17 10:07:30.344,5.24E-02
26-08-17 10:07:31.557,4.80E-02
26-08-17 10:07:32.769,5.06E-02
26-08-17 10:07:34.140,4.85E-02
26-08-17 10:07:35.617,4.86E-02
26-08-17 10:07:37.096,5.26E-02
26-08-17 10:07:38.315,5.21E-02
26-08-17 10:07:39.530,5.24E-02
26-08-17 10:07:40.744,5.10E-02
26-08-17 10:07:41.960,5.04E-02
26-08-17 10:07:43.327,4.73E-02
26-08-17 10:07:44.543,5.08E-02
26-08-17 10:07:45.759,4.99E-02
26-08-17 10:07:46.977,5.25E-02
26-08-17 10:07:48.197,8.02E-02
26-08-17 10:07:49.416,5.06E-02
26-08-17 10:07:50.634,9.03E-02
26-08-17 10:07:52.276,8.58E-02
26-08-17 10:07:53.759,5.07E-02
26-08-17 10:07:54.979,5.38E-02
26-08-17 10:07:56.198,5.29E-02
26-08-17 10:07:57.419,5.01E-02
26-08-17 10:07:58.638,5.01E-02
26-08-17 10:07:59.863,4.71E-02
26-08-17 10:08:01.231,4.90E-02
26-08-17 10:08:02.452,5.09E-02
26-08-17 10:08:03.672,4.97E-02
26-08-17 10:08:04.891,4.93E-02
26-08-17 10:08:06.111,5.03E-02
26-08-17 10:08:07.330,5.02E-02
26-08-17 10:08:08.814,4.67E-02
26-08-17 10:08:10.749,5.25E-02
26-08-17 10:08:12.242,5.06E-02
26-08-17 10:08:13.467,4.73E-02
26-08-17 10:08:14.692,5.11E-02
26-08-17 10:08:15.918,5.06E-02
26-08-17 10:08:17.144,4.99E-02
26-08-17 10:08:18.452,5.12E-02
26-08-17 10:08:19.680,5.06E-02
26-08-17 10:08:20.906,5.15E-02
26-08-17 10:08:22.140,5.06E-02
26-08-17 10:08:23.368,5.06E-02
26-08-17 10:08:24.597,5.23E-02
26-08-17 10:08:25.826,5.21E-02
26-08-17 10:08:27.056,5.10E-02
26-08-17 10:08:28.286,5.03E-02
26-08-17 10:08:29.517,4.86E-02
26-08-17 10:08:30.748,4.93E-02
26-08-17 10:08:31.980,4.87E-02
26-08-17 10:08:33.315,4.91E-02
26-08-17 10:08:34.548,4.95E-02
26-08-17 10:08:35.780,4.84E-02
26-08-17 10:08:37.013,5.12E-02
26-08-17 10:08:38.246,4.87E-02
26-08-17 10:08:39.481,4.77E-02
26-08-17 10:08:40.715,4.93E-02
26-08-17 10:08:41.950,5.25E-02
26-08-17 10:08:43.184,4.88E-02
26-08-17 10:08:44.425,5.00E-02
26-08-17 10:08:45.775,4.82E-02
26-08-17 10:08:47.012,4.95E-02
26-08-17 10:08:48.249,4.79E-02
26-08-17 10:08:49.486,4.97E-02
26-08-17 10:08:50.724,4.87E-02
26-08-17 10:08:51.963,4.91E-02
26-08-17 10:08:53.202,4.92E-02
26-08-17 10:08:54.443,4.75E-02
26-08-17 10:08:55.684,4.60E-02
26-08-17 10:08:56.924,4.86E-02
26-08-17 10:08:58.293,4.90E-02
26-08-17 10:08:59.534,5.05E-02
26-08-17 10:09:00.775,4.88E-02
26-08-17 10:09:02.018,5.18E-02
26-08-17 10:09:03.260,5.02E-02
26-08-17 10:09:04.503,4.80E-02
26-08-17 10:09:05.753,4.96E-02
26-08-17 10:09:07.006,4.80E-02
26-08-17 10:09:08.254,5.12E-02
26-08-17 10:09:09.644,4.86E-02
26-08-17 10:09:10.894,5.21E-02
26-08-17 10:09:12.144,5.02E-02
26-08-17 10:09:13.392,4.76E-02
26-08-17 10:09:14.644,4.67E-02
26-08-17 10:09:15.894,4.97E-02
26-08-17 10:09:17.149,5.05E-02
26-08-17 10:09:18.400,4.81E-02
26-08-17 10:09:19.806,4.89E-02
26-08-17 10:09:21.059,5.26E-02
26-08-17 10:09:22.312,4.99E-02
26-08-17 10:09:23.564,4.94E-02
26-08-17 10:09:24.819,4.89E-02
26-08-17 10:09:26.598,4.76E-02
26-08-17 10:09:28.381,5.18E-02
26-08-17 10:09:30.218,4.91E-02
26-08-17 10:09:31.472,5.01E-02
26-08-17 10:09:32.727,4.70E-02
26-08-17 10:09:33.984,4.87E-02
26-08-17 10:09:35.239,5.31E-02
26-08-17 10:09:36.497,4.91E-02
26-08-17 10:09:37.754,5.00E-02
26-08-17 10:09:39.011,4.52E-02
26-08-17 10:09:40.271,5.23E-02
26-08-17 10:09:41.528,5.10E-02
26-08-17 10:09:42.787,5.40E-02
26-08-17 10:09:44.046,5.05E-02
26-08-17 10:09:45.306,5.10E-02
26-08-17 10:09:46.639,4.75E-02
26-08-17 10:09:47.898,5.03E-02
26-08-17 10:09:49.160,5.19E-02
26-08-17 10:09:50.422,5.06E-02
26-08-17 10:09:51.688,4.90E-02
26-08-17 10:09:52.950,5.68E-02
26-08-17 10:09:54.213,5.03E-02
26-08-17 10:09:55.477,5.35E-02
26-08-17 10:09:56.740,5.25E-02
26-08-17 10:09:58.005,4.94E-02
26-08-17 10:09:59.271,5.04E-02
26-08-17 10:10:00.535,5.23E-02
26-08-17 10:10:01.803,4.99E-02
26-08-17 10:10:03.163,5.22E-02
26-08-17 10:10:04.429,5.22E-02
26-08-17 10:10:05.696,4.91E-02
26-08-17 10:10:06.963,4.72E-02
26-08-17 10:10:08.231,4.98E-02
26-08-17 10:10:09.500,4.94E-02
26-08-17 10:10:10.768,5.02E-02
26-08-17 10:10:12.037,5.33E-02
26-08-17 10:10:15.268,5.04E-02
26-08-17 10:10:16.545,5.05E-02
26-08-17 10:10:17.824,4.86E-02
26-08-17 10:10:19.207,5.00E-02
26-08-17 10:10:20.485,4.80E-02
26-08-17 10:10:21.763,5.02E-02
26-08-17 10:10:23.042,4.75E-02
26-08-17 10:10:24.322,5.06E-02
26-08-17 10:10:25.602,4.96E-02
26-08-17 10:10:26.911,4.99E-02
26-08-17 10:10:28.193,4.93E-02
26-08-17 10:10:29.480,4.71E-02
26-08-17 10:10:30.765,4.88E-02
26-08-17 10:10:32.053,4.88E-02
26-08-17 10:10:33.338,5.13E-02
26-08-17 10:10:34.746,4.60E-02
26-08-17 10:10:36.032,4.99E-02
26-08-17 10:10:37.321,5.01E-02
26-08-17 10:10:38.616,4.97E-02
26-08-17 10:10:39.907,4.83E-02
26-08-17 10:10:41.196,4.85E-02
26-08-17 10:10:42.487,4.76E-02
26-08-17 10:10:43.777,4.87E-02
26-08-17 10:10:45.069,4.97E-02
26-08-17 10:10:46.360,4.92E-02
26-08-17 10:10:47.786,5.04E-02
26-08-17 10:10:49.084,4.89E-02
26-08-17 10:10:50.377,5.03E-02
26-08-17 10:10:51.670,5.05E-02
26-08-17 10:10:52.965,4.96E-02
26-08-17 10:10:54.258,5.13E-02
26-08-17 10:10:55.555,5.09E-02
26-08-17 10:10:56.849,5.15E-02
26-08-17 10:10:58.143,5.37E-02
26-08-17 10:10:59.438,5.25E-02
26-08-17 10:11:00.883,5.06E-02
26-08-17 10:11:02.179,4.89E-02
26-08-17 10:11:03.475,4.97E-02
26-08-17 10:11:04.771,5.03E-02
26-08-17 10:11:06.068,4.82E-02
26-08-17 10:11:07.364,4.77E-02
26-08-17 10:11:08.663,5.09E-02
26-08-17 10:11:09.973,5.12E-02
26-08-17 10:11:11.272,4.92E-02
26-08-17 10:11:12.730,4.96E-02
26-08-17 10:11:14.030,4.90E-02
26-08-17 10:11:15.331,5.00E-02
26-08-17 10:11:16.633,4.55E-02
26-08-17 10:11:17.934,5.27E-02
26-08-17 10:11:21.209,5.07E-02
26-08-17 10:11:22.504,4.96E-02
26-08-17 10:11:23.797,4.82E-02
26-08-17 10:11:25.201,5.19E-02
26-08-17 10:11:26.492,4.89E-02
26-08-17 10:11:27.785,4.99E-02
26-08-17 10:11:29.079,5.02E-02
26-08-17 10:11:30.372,4.98E-02
26-08-17 10:11:31.666,5.15E-02
26-08-17 10:11:32.961,4.89E-02
26-08-17 10:11:34.256,5.39E-02
26-08-17 10:11:35.552,4.87E-02
26-08-17 10:11:36.852,4.84E-02
26-08-17 10:11:38.270,4.98E-02
26-08-17 10:11:39.568,4.72E-02
26-08-17 10:11:40.865,4.43E-02
26-08-17 10:11:42.163,4.65E-02
26-08-17 10:11:43.461,5.13E-02
26-08-17 10:11:44.760,4.98E-02
26-08-17 10:11:46.058,5.07E-02
26-08-17 10:11:47.357,5.25E-02
26-08-17 10:11:48.662,5.05E-02
26-08-17 10:11:50.097,5.03E-02
26-08-17 10:11:51.397,4.94E-02
26-08-17 10:11:52.698,4.77E-02
26-08-17 10:11:54.000,4.91E-02
26-08-17 10:11:55.302,5.10E-02
26-08-17 10:11:56.604,4.78E-02
26-08-17 10:11:57.907,4.78E-02
26-08-17 10:11:59.216,4.71E-02
26-08-17 10:12:00.667,5.13E-02
26-08-17 10:12:01.973,4.84E-02
26-08-17 10:12:03.277,5.21E-02
26-08-17 10:12:04.582,4.98E-02
26-08-17 10:12:05.889,5.06E-02
26-08-17 10:12:07.196,5.92E-02
26-08-17 10:12:08.503,4.85E-02
26-08-17 10:12:09.970,5.24E-02
26-08-17 10:12:11.283,5.66E-02
26-08-17 10:12:12.591,5.48E-02
26-08-17 10:12:14.426,4.95E-02
26-08-17 10:12:16.000,4.81E-02
26-08-17 10:12:17.310,5.08E-02
26-08-17 10:12:18.620,4.73E-02
26-08-17 10:12:20.039,5.04E-02
26-08-17 10:12:21.349,4.95E-02
26-08-17 10:12:22.660,4.74E-02
26-08-17 10:12:23.977,5.08E-02
26-08-17 10:12:25.288,5.23E-02
26-08-17 10:12:26.601,5.20E-02
26-08-17 10:12:27.915,5.00E-02
26-08-17 10:12:29.229,5.31E-02
26-08-17 10:12:30.540,5.31E-02
26-08-17 10:12:31.975,4.96E-02
26-08-17 10:12:33.287,4.88E-02
26-08-17 10:12:34.603,4.77E-02
26-08-17 10:12:35.916,5.03E-02
26-08-17 10:12:37.230,5.12E-02
26-08-17 10:12:38.544,5.10E-02
26-08-17 10:12:39.858,4.95E-02
26-08-17 10:12:41.175,4.87E-02
26-08-17 10:12:42.490,5.13E-02
26-08-17 10:12:43.805,5.02E-02
26-08-17 10:12:45.256,5.01E-02
26-08-17 10:12:46.577,5.09E-02
26-08-17 10:12:47.894,5.18E-02
26-08-17 10:12:49.211,5.10E-02
26-08-17 10:12:50.529,4.84E-02
26-08-17 10:12:51.848,4.95E-02
26-08-17 10:12:53.167,4.79E-02
26-08-17 10:12:54.488,5.11E-02
26-08-17 10:12:55.955,5.30E-02
26-08-17 10:12:57.276,5.58E-02
26-08-17 10:12:58.601,5.32E-02
26-08-17 10:12:59.922,5.22E-02
26-08-17 10:13:01.243,5.61E-02
26-08-17 10:13:02.565,5.53E-02
26-08-17 10:13:03.887,4.77E-02
26-08-17 10:13:05.369,4.92E-02
26-08-17 10:13:06.693,5.05E-02
26-08-17 10:13:08.543,5.28E-02
26-08-17 10:13:10.134,5.13E-02
26-08-17 10:13:11.458,5.13E-02
26-08-17 10:13:12.783,5.08E-02
26-08-17 10:13:14.108,5.15E-02
26-08-17 10:13:15.433,4.99E-02
26-08-17 10:13:16.870,4.97E-02
26-08-17 10:13:18.196,4.94E-02
26-08-17 10:13:19.522,4.85E-02
26-08-17 10:13:20.850,4.94E-02
26-08-17 10:13:22.183,4.87E-02
26-08-17 10:13:23.511,4.98E-02
26-08-17 10:13:24.840,4.63E-02
26-08-17 10:13:26.169,5.09E-02
26-08-17 10:13:27.498,4.99E-02
26-08-17 10:13:28.829,5.08E-02
26-08-17 10:13:30.285,5.22E-02
26-08-17 10:13:31.616,4.92E-02
26-08-17 10:13:32.948,4.73E-02
26-08-17 10:13:34.300,5.02E-02
26-08-17 10:13:35.631,5.11E-02
26-08-17 10:13:36.964,4.95E-02
26-08-17 10:13:38.296,5.00E-02
26-08-17 10:13:39.633,4.80E-02
26-08-17 10:13:40.987,4.87E-02
26-08-17 10:13:42.464,5.00E-02
26-08-17 10:13:43.809,4.74E-02
26-08-17 10:13:45.158,4.99E-02
26-08-17 10:13:46.504,5.00E-02
26-08-17 10:13:47.852,4.91E-02
26-08-17 10:13:49.200,5.05E-02
26-08-17 10:13:50.588,5.01E-02
26-08-17 10:13:51.941,4.97E-02
26-08-17 10:13:53.296,4.87E-02
26-08-17 10:13:54.800,5.00E-02
26-08-17 10:13:56.156,5.02E-02
26-08-17 10:13:57.517,5.03E-02
26-08-17 10:13:58.873,4.90E-02
26-08-17 10:14:00.229,4.87E-02
26-08-17 10:14:01.587,5.04E-02
26-08-17 10:14:02.943,5.18E-02
26-08-17 10:14:04.300,4.80E-02
26-08-17 10:14:05.658,5.05E-02
26-08-17 10:14:07.440,5.58E-02
26-08-17 10:14:09.066,5.04E-02
26-08-17 10:14:10.693,4.78E-02
26-08-17 10:14:12.052,4.94E-02
26-08-17 10:14:13.409,5.59E-02
26-08-17 10:14:14.770,4.76E-02
26-08-17 10:14:16.128,4.98E-02
26-08-17 10:14:17.488,5.20E-02
26-08-17 10:14:18.966,5.37E-02
26-08-17 10:14:20.328,5.15E-02
26-08-17 10:14:21.693,4.84E-02
26-08-17 10:14:23.055,5.14E-02
26-08-17 10:14:24.416,5.14E-02
26-08-17 10:14:25.779,5.39E-02
26-08-17 10:14:27.143,5.23E-02
26-08-17 10:14:28.508,4.89E-02
26-08-17 10:14:29.874,5.12E-02
26-08-17 10:14:31.239,4.69E-02
26-08-17 10:14:32.606,4.69E-02
26-08-17 10:14:34.105,4.97E-02
26-08-17 10:14:35.471,4.88E-02
26-08-17 10:14:36.839,4.90E-02
26-08-17 10:14:38.206,5.38E-02
26-08-17 10:14:39.574,5.19E-02
26-08-17 10:14:40.942,5.33E-02
26-08-17 10:14:42.309,5.31E-02
26-08-17 10:14:43.678,5.20E-02
26-08-17 10:14:45.049,4.78E-02
26-08-17 10:14:46.422,4.98E-02
26-08-17 10:14:47.933,4.99E-02
26-08-17 10:14:49.304,4.74E-02
26-08-17 10:14:50.677,4.91E-02
26-08-17 10:14:52.047,5.03E-02
26-08-17 10:14:53.420,4.77E-02
26-08-17 10:14:54.793,4.81E-02
26-08-17 10:14:56.166,4.86E-02
26-08-17 10:14:57.544,5.11E-02
26-08-17 10:14:58.919,5.12E-02
26-08-17 10:15:00.443,5.01E-02
26-08-17 10:15:01.819,4.90E-02
26-08-17 10:15:03.194,4.83E-02
26-08-17 10:15:04.570,5.03E-02
26-08-17 10:15:05.945,5.10E-02
26-08-17 10:15:07.323,5.22E-02
26-08-17 10:15:08.700,5.12E-02
26-08-17 10:15:10.347,5.51E-02
26-08-17 10:15:12.115,4.72E-02
26-08-17 10:15:13.494,5.02E-02
26-08-17 10:15:14.871,5.69E-02
26-08-17 10:15:16.250,4.91E-02
26-08-17 10:15:17.629,4.87E-02
26-08-17 10:15:19.010,1.01E-01
26-08-17 10:15:20.390,5.15E-02
26-08-17 10:15:21.772,5.30E-02
26-08-17 10:15:23.157,4.77E-02
26-08-17 10:15:24.540,4.84E-02
26-08-17 10:15:25.923,4.95E-02
26-08-17 10:15:27.446,7.88E-02
26-08-17 10:15:28.830,4.96E-02
26-08-17 10:15:30.216,4.91E-02
26-08-17 10:15:31.600,6.53E-02
26-08-17 10:15:32.986,4.99E-02
26-08-17 10:15:34.370,4.88E-02
26-08-17 10:15:35.760,5.42E-02
26-08-17 10:15:37.148,5.27E-02
26-08-17 10:15:38.535,5.23E-02
26-08-17 10:15:40.078,5.06E-02
26-08-17 10:15:41.466,4.97E-02
26-08-17 10:15:42.854,4.94E-02
26-08-17 10:15:44.243,4.89E-02
26-08-17 10:15:45.633,4.74E-02
26-08-17 10:15:47.026,5.10E-02
26-08-17 10:15:48.415,4.62E-02
26-08-17 10:15:49.807,5.09E-02
26-08-17 10:15:51.200,4.90E-02
26-08-17 10:15:53.015,4.54E-02
26-08-17 10:15:54.919,5.11E-02
26-08-17 10:15:56.297,5.36E-02
26-08-17 10:15:57.676,5.01E-02
26-08-17 10:15:59.055,5.46E-02
26-08-17 10:16:00.439,5.08E-02
26-08-17 10:16:01.821,5.12E-02
26-08-17 10:16:03.264,5.11E-02
26-08-17 10:16:04.645,4.88E-02
26-08-17 10:16:06.027,4.81E-02
26-08-17 10:16:07.409,5.02E-02
26-08-17 10:16:08.794,4.87E-02
26-08-17 10:16:10.176,4.97E-02
26-08-17 10:16:11.560,4.78E-02
26-08-17 10:16:12.948,5.12E-02
26-08-17 10:16:14.336,5.14E-02
26-08-17 10:16:15.721,5.29E-02
26-08-17 10:16:17.107,4.99E-02
26-08-17 10:16:18.492,4.81E-02
26-08-17 10:16:19.960,4.99E-02
26-08-17 10:16:21.346,4.97E-02
26-08-17 10:16:22.733,5.08E-02
26-08-17 10:16:24.123,4.96E-02
26-08-17 10:16:25.513,4.95E-02
26-08-17 10:16:26.902,5.06E-02
26-08-17 10:16:28.292,4.91E-02
26-08-17 10:16:29.680,5.47E-02
26-08-17 10:16:31.071,5.18E-02
26-08-17 10:16:32.461,5.21E-02
26-08-17 10:16:33.852,1.01E-01
26-08-17 10:16:35.244,9.35E-02
26-08-17 10:16:36.736,4.73E-02
26-08-17 10:16:38.129,5.07E-02
26-08-17 10:16:39.522,9.51E-02
26-08-17 10:16:40.915,8.06E-02
26-08-17 10:16:42.308,5.31E-02
26-08-17 10:16:43.702,5.56E-02
26-08-17 10:16:45.099,4.95E-02
26-08-17 10:16:46.495,5.23E-02
26-08-17 10:16:47.891,4.84E-02
26-08-17 10:16:49.308,5.00E-02
26-08-17 10:16:50.706,4.85E-02
26-08-17 10:16:52.219,4.90E-02
26-08-17 10:16:53.619,5.20E-02
26-08-17 10:16:55.018,5.02E-02
26-08-17 10:16:56.417,5.17E-02
26-08-17 10:16:57.816,4.90E-02
26-08-17 10:16:59.218,4.82E-02
26-08-17 10:17:00.625,5.07E-02
26-08-17 10:17:02.026,5.03E-02
26-08-17 10:17:03.429,4.82E-02
26-08-17 10:17:04.957,5.01E-02
26-08-17 10:17:06.361,5.07E-02
26-08-17 10:17:07.764,4.98E-02
26-08-17 10:17:09.167,9.58E-02
26-08-17 10:17:10.571,5.16E-02
26-08-17 10:17:11.976,5.15E-02
26-08-17 10:17:13.386,5.17E-02
26-08-17 10:17:14.789,4.73E-02
26-08-17 10:17:16.207,5.00E-02
26-08-17 10:17:17.615,4.98E-02
26-08-17 10:17:19.168,4.73E-02
26-08-17 10:17:20.579,4.86E-02
26-08-17 10:17:21.992,4.93E-02
26-08-17 10:17:23.404,5.29E-02
26-08-17 10:17:24.819,5.32E-02
26-08-17 10:17:26.237,5.44E-02
26-08-17 10:17:27.654,4.81E-02
26-08-17 10:17:29.070,4.63E-02
26-08-17 10:17:30.487,4.81E-02
26-08-17 10:17:31.904,5.06E-02
26-08-17 10:17:33.473,4.91E-02
26-08-17 10:17:34.891,4.90E-02
26-08-17 10:17:36.311,5.15E-02
26-08-17 10:17:37.731,7.69E-02
26-08-17 10:17:39.151,4.92E-02
26-08-17 10:17:40.570,4.77E-02
26-08-17 10:17:41.992,4.84E-02
26-08-17 10:17:43.675,5.12E-02
26-08-17 10:17:45.625,4.84E-02
26-08-17 10:17:47.441,5.00E-02
26-08-17 10:17:48.855,5.22E-02
26-08-17 10:17:50.270,5.22E-02
26-08-17 10:17:51.689,5.59E-02
26-08-17 10:17:53.105,5.46E-02
26-08-17 10:17:54.520,5.12E-02
26-08-17 10:17:55.937,5.00E-02
26-08-17 10:17:57.353,4.90E-02
26-08-17 10:17:58.769,4.87E-02
26-08-17 10:18:00.337,5.22E-02
26-08-17 10:18:01.755,4.88E-02
26-08-17 10:18:03.173,5.12E-02
26-08-17 10:18:04.594,5.20E-02
26-08-17 10:18:06.014,4.96E-02
26-08-17 10:18:07.433,4.90E-02
26-08-17 10:18:09.380,4.96E-02
26-08-17 10:18:11.065,4.92E-02
26-08-17 10:18:12.626,4.92E-02
26-08-17 10:18:14.050,4.85E-02
26-08-17 10:18:15.472,5.03E-02
26-08-17 10:18:16.898,5.09E-02
26-08-17 10:18:18.320,5.12E-02
26-08-17 10:18:19.743,5.14E-02
26-08-17 10:18:21.166,5.29E-02
26-08-17 10:18:22.591,5.38E-02
26-08-17 10:18:24.168,4.65E-02
26-08-17 10:18:25.593,4.87E-02
26-08-17 10:18:27.019,4.94E-02
26-08-17 10:18:28.445,4.88E-02
26-08-17 10:18:29.880,5.20E-02
26-08-17 10:18:31.308,4.64E-02
26-08-17 10:18:33.266,4.82E-02
26-08-17 10:18:34.961,4.99E-02
26-08-17 10:18:36.533,5.12E-02
26-08-17 10:18:37.967,4.89E-02
26-08-17 10:18:39.398,5.06E-02
26-08-17 10:18:40.830,4.75E-02
26-08-17 10:18:42.261,5.06E-02
26-08-17 10:18:43.697,4.57E-02
26-08-17 10:18:45.130,5.16E-02
26-08-17 10:18:46.566,5.54E-02
26-08-17 10:18:48.152,4.78E-02
26-08-17 10:18:49.589,5.12E-02
26-08-17 10:18:51.026,4.75E-02
26-08-17 10:18:52.461,4.77E-02
26-08-17 10:18:53.898,4.93E-02
26-08-17 10:18:55.342,4.94E-02
26-08-17 10:18:57.306,5.10E-02
26-08-17 10:18:59.149,4.93E-02
26-08-17 10:19:00.587,5.21E-02
26-08-17 10:19:02.025,5.37E-02
26-08-17 10:19:03.465,5.58E-02
26-08-17 10:19:04.906,4.89E-02
26-08-17 10:19:06.347,5.08E-02
26-08-17 10:19:07.788,4.68E-02
26-08-17 10:19:09.234,5.09E-02
26-08-17 10:19:10.828,5.21E-02
26-08-17 10:19:12.269,5.07E-02
26-08-17 10:19:13.711,4.95E-02
26-08-17 10:19:15.154,4.99E-02
26-08-17 10:19:16.599,4.86E-02
26-08-17 10:19:18.044,5.18E-02
26-08-17 10:19:19.491,4.85E-02
26-08-17 10:19:21.464,5.05E-02
26-08-17 10:19:23.337,5.07E-02
26-08-17 10:19:24.784,5.11E-02
26-08-17 10:19:26.230,4.97E-02
26-08-17 10:19:27.676,4.94E-02
26-08-17 10:19:29.123,4.84E-02
26-08-17 10:19:30.571,4.80E-02
26-08-17 10:19:32.170,5.06E-02
26-08-17 10:19:33.619,4.68E-02
26-08-17 10:19:35.073,4.74E-02
26-08-17 10:19:36.521,5.03E-02
26-08-17 10:19:37.971,5.16E-02
26-08-17 10:19:39.422,4.96E-02
26-08-17 10:19:40.873,4.96E-02
26-08-17 10:19:42.325,4.70E-02
26-08-17 10:19:43.935,5.29E-02
26-08-17 10:19:45.914,5.05E-02
26-08-17 10:19:47.629,5.05E-02
26-08-17 10:19:49.087,4.99E-02
26-08-17 10:19:50.540,5.05E-02
26-08-17 10:19:51.995,4.76E-02
26-08-17 10:19:53.451,5.01E-02
26-08-17 10:19:55.052,4.96E-02
26-08-17 10:19:56.508,4.72E-02
26-08-17 10:19:57.965,4.97E-02
26-08-17 10:19:59.421,5.03E-02
26-08-17 10:20:00.902,4.98E-02
26-08-17 10:20:02.363,5.07E-02
26-08-17 10:20:03.820,4.80E-02
26-08-17 10:20:05.436,4.80E-02
26-08-17 10:20:06.895,4.83E-02
26-08-17 10:20:08.618,5.03E-02
26-08-17 10:20:10.343,5.10E-02
26-08-17 10:20:11.805,9.44E-02
26-08-17 10:20:13.267,6.06E-02
26-08-17 10:20:14.751,7.33E-02
26-08-17 10:20:16.294,5.93E-02
26-08-17 10:20:17.757,1.54E-01
26-08-17 10:20:19.220,1.08E-01
26-08-17 10:20:20.685,1.25E-01
26-08-17 10:20:22.150,8.80E-02
26-08-17 10:20:23.615,7.50E-02
26-08-17 10:20:25.082,8.19E-02
26-08-17 10:20:26.549,1.10E-01
26-08-17 10:20:28.020,9.57E-02
26-08-17 10:20:29.487,7.15E-02
26-08-17 10:20:30.957,8.41E-02
26-08-17 10:20:32.525,7.52E-02
26-08-17 10:20:33.995,9.06E-02
26-08-17 10:20:35.466,8.90E-02
26-08-17 10:20:36.937,1.31E-01
26-08-17 10:20:38.408,1.07E-01
26-08-17 10:20:39.880,8.45E-02
26-08-17 10:20:41.357,1.00E-01
26-08-17 10:20:42.829,9.09E-02
26-08-17 10:20:44.304,7.80E-02
26-08-17 10:20:45.779,8.85E-02
26-08-17 10:20:47.254,9.32E-02
26-08-17 10:20:48.843,9.02E-02
26-08-17 10:20:50.318,1.03E-01
26-08-17 10:20:51.794,9.03E-02
26-08-17 10:20:53.273,7.29E-02
26-08-17 10:20:54.751,1.07E-01
26-08-17 10:20:56.229,6.99E-02
26-08-17 10:20:57.707,1.07E-01
26-08-17 10:20:59.186,1.08E-01
26-08-17 10:21:00.665,9.54E-02
26-08-17 10:21:02.145,9.06E-02
26-08-17 10:21:03.755,8.71E-02
26-08-17 10:21:05.237,7.46E-02
26-08-17 10:21:08.151,9.61E-02
26-08-17 10:21:09.642,7.64E-02
26-08-17 10:21:11.136,9.19E-02
26-08-17 10:21:12.626,9.13E-02
26-08-17 10:21:14.120,7.38E-02
26-08-17 10:21:15.613,1.00E-01
26-08-17 10:21:17.107,8.30E-02
26-08-17 10:21:18.741,1.13E-01
26-08-17 10:21:20.237,9.86E-02
26-08-17 10:21:21.736,8.06E-02
26-08-17 10:21:23.232,8.18E-02
26-08-17 10:21:24.727,7.96E-02
26-08-17 10:21:26.225,1.09E-01
26-08-17 10:21:27.722,9.79E-02
26-08-17 10:21:29.222,1.16E-01
26-08-17 10:21:30.719,1.09E-01
26-08-17 10:21:32.220,7.42E-02
26-08-17 10:21:33.871,8.24E-02
26-08-17 10:21:35.375,8.39E-02
26-08-17 10:21:36.875,6.52E-02
26-08-17 10:21:38.379,6.50E-02
26-08-17 10:21:39.881,8.46E-02
26-08-17 10:21:41.386,7.37E-02
26-08-17 10:21:42.890,8.47E-02
26-08-17 10:21:44.396,5.41E-02
26-08-17 10:21:46.330,5.77E-02
26-08-17 10:21:48.089,5.07E-02
26-08-17 10:21:49.586,4.68E-02
26-08-17 10:21:51.083,5.25E-02
26-08-17 10:21:52.581,5.93E-02
26-08-17 10:21:54.081,5.02E-02
26-08-17 10:21:55.581,5.25E-02
26-08-17 10:21:57.222,5.03E-02
26-08-17 10:21:58.725,5.25E-02
26-08-17 10:22:00.225,4.78E-02
26-08-17 10:22:01.731,4.94E-02
26-08-17 10:22:03.235,4.91E-02
26-08-17 10:22:04.737,5.05E-02
26-08-17 10:22:06.241,5.25E-02
26-08-17 10:22:07.747,7.54E-02
26-08-17 10:22:09.403,4.99E-02
26-08-17 10:22:10.908,4.88E-02
26-08-17 10:22:12.413,5.07E-02
26-08-17 10:22:13.920,5.02E-02
26-08-17 10:22:15.431,5.01E-02
26-08-17 10:22:16.939,4.91E-02
26-08-17 10:22:18.710,4.95E-02
26-08-17 10:22:20.484,5.00E-02
26-08-17 10:22:22.127,4.95E-02
26-08-17 10:22:23.637,4.97E-02
26-08-17 10:22:25.147,4.95E-02
26-08-17 10:22:26.658,5.00E-02
26-08-17 10:22:28.173,4.90E-02
26-08-17 10:22:29.686,4.88E-02
26-08-17 10:22:31.198,4.68E-02
26-08-17 10:22:32.712,4.90E-02
26-08-17 10:22:34.372,5.10E-02
26-08-17 10:22:35.888,5.04E-02
26-08-17 10:22:37.405,5.07E-02
26-08-17 10:22:38.920,4.90E-02
26-08-17 10:22:40.435,4.95E-02
26-08-17 10:22:41.952,5.06E-02
26-08-17 10:22:43.469,5.30E-02
26-08-17 10:22:44.987,5.10E-02
26-08-17 10:22:46.662,4.88E-02
26-08-17 10:22:48.182,4.92E-02
26-08-17 10:22:49.700,5.10E-02
26-08-17 10:22:51.484,4.84E-02
26-08-17 10:22:53.270,4.99E-02
26-08-17 10:22:54.791,5.02E-02
26-08-17 10:22:56.318,5.57E-02
26-08-17 10:22:57.974,4.83E-02
26-08-17 10:22:59.499,4.78E-02
26-08-17 10:23:01.023,4.92E-02
26-08-17 10:23:02.547,4.91E-02
26-08-17 10:23:04.071,4.82E-02
26-08-17 10:23:05.595,4.84E-02
26-08-17 10:23:07.121,5.05E-02
26-08-17 10:23:08.650,4.85E-02
26-08-17 10:23:10.326,5.38E-02
26-08-17 10:23:11.853,5.08E-02
26-08-17 10:23:13.381,5.01E-02
26-08-17 10:23:14.911,1.01E-01
26-08-17 10:23:16.440,4.77E-02
26-08-17 10:23:17.969,5.31E-02
26-08-17 10:23:19.502,5.35E-02
26-08-17 10:23:21.033,4.94E-02
26-08-17 10:23:22.727,4.89E-02
26-08-17 10:23:24.523,5.53E-02
26-08-17 10:23:26.322,4.97E-02
26-08-17 10:23:27.857,4.90E-02
26-08-17 10:23:29.392,5.36E-02
26-08-17 10:23:30.926,4.87E-02
26-08-17 10:23:32.464,4.91E-02
26-08-17 10:23:34.136,4.89E-02
26-08-17 10:23:35.675,4.94E-02
26-08-17 10:23:37.215,5.25E-02
26-08-17 10:23:38.752,4.90E-02
26-08-17 10:23:40.290,4.92E-02
26-08-17 10:23:41.829,4.89E-02
26-08-17 10:23:43.378,5.09E-02
26-08-17 10:23:44.918,5.03E-02
26-08-17 10:23:46.607,4.64E-02
26-08-17 10:23:48.150,4.86E-02
26-08-17 10:23:49.718,4.87E-02
26-08-17 10:23:51.260,5.26E-02
26-08-17 10:23:52.805,4.82E-02
26-08-17 10:23:54.351,5.09E-02
26-08-17 10:23:56.317,4.95E-02
26-08-17 10:23:58.127,4.84E-02
26-08-17 10:23:59.673,4.83E-02
26-08-17 10:24:01.220,4.78E-02
26-08-17 10:24:02.766,5.32E-02
26-08-17 10:24:04.316,5.14E-02
26-08-17 10:24:05.866,4.63E-02
26-08-17 10:24:07.555,5.01E-02
26-08-17 10:24:09.106,5.22E-02
26-08-17 10:24:10.655,5.21E-02
26-08-17 10:24:12.205,4.89E-02
26-08-17 10:24:13.756,4.60E-02
26-08-17 10:24:15.307,4.74E-02
26-08-17 10:24:16.859,5.14E-02
26-08-17 10:24:18.416,5.87E-02
26-08-17 10:24:20.120,4.86E-02
26-08-17 10:24:21.675,5.10E-02
26-08-17 10:24:23.229,4.95E-02
26-08-17 10:24:24.786,5.05E-02
26-08-17 10:24:26.342,5.12E-02
26-08-17 10:24:28.162,5.13E-02
26-08-17 10:24:30.247,4.92E-02
26-08-17 10:24:32.201,5.05E-02
26-08-17 10:24:33.757,4.95E-02
26-08-17 10:24:35.313,4.80E-02
26-08-17 10:24:36.872,5.00E-02
26-08-17 10:24:38.431,4.95E-02
26-08-17 10:24:39.990,5.13E-02
26-08-17 10:24:41.550,4.95E-02
26-08-17 10:24:43.111,4.96E-02
26-08-17 10:24:44.816,4.82E-02
26-08-17 10:24:46.383,5.35E-02
26-08-17 10:24:47.946,4.94E-02
26-08-17 10:24:49.508,5.20E-02
26-08-17 10:24:51.071,4.95E-02
26-08-17 10:24:52.634,4.95E-02
26-08-17 10:24:54.198,5.03E-02
26-08-17 10:24:55.764,4.99E-02
26-08-17 10:24:57.487,4.86E-02
26-08-17 10:24:59.054,5.21E-02
26-08-17 10:25:00.627,5.02E-02
26-08-17 10:25:02.456,4.84E-02
26-08-17 10:25:04.286,5.23E-02
26-08-17 10:25:05.857,4.76E-02
26-08-17 10:25:07.563,4.85E-02
26-08-17 10:25:09.145,5.20E-02
26-08-17 10:25:10.722,5.23E-02
26-08-17 10:25:12.301,4.74E-02
26-08-17 10:25:13.885,4.91E-02
26-08-17 10:25:15.466,5.21E-02
26-08-17 10:25:17.048,4.94E-02
26-08-17 10:25:18.630,4.95E-02
26-08-17 10:25:20.210,4.94E-02
26-08-17 10:25:21.794,4.79E-02
26-08-17 10:25:23.523,4.75E-02
26-08-17 10:25:25.106,5.03E-02
26-08-17 10:25:26.690,5.05E-02
26-08-17 10:25:28.279,9.04E-02
26-08-17 10:25:29.864,4.82E-02
26-08-17 10:25:31.451,4.82E-02
26-08-17 10:25:33.037,5.02E-02
26-08-17 10:25:34.625,4.86E-02
26-08-17 10:25:36.369,5.10E-02
26-08-17 10:25:37.957,4.69E-02
26-08-17 10:25:39.547,4.89E-02
26-08-17 10:25:41.400,5.27E-02
26-08-17 10:25:43.249,4.89E-02
26-08-17 10:25:44.832,4.95E-02
26-08-17 10:25:46.416,4.73E-02
26-08-17 10:25:48.141,4.95E-02
26-08-17 10:25:49.727,4.73E-02
26-08-17 10:25:51.312,4.94E-02
26-08-17 10:25:52.899,4.84E-02
26-08-17 10:25:54.484,5.05E-02
26-08-17 10:25:56.072,5.04E-02
26-08-17 10:25:57.659,4.80E-02
26-08-17 10:25:59.246,5.00E-02
26-08-17 10:26:00.986,4.91E-02
26-08-17 10:26:02.575,4.75E-02
26-08-17 10:26:04.163,5.09E-02
26-08-17 10:26:05.754,5.07E-02
26-08-17 10:26:07.345,4.73E-02
26-08-17 10:26:09.199,4.93E-02
26-08-17 10:26:11.059,4.80E-02
26-08-17 10:26:12.789,4.91E-02
26-08-17 10:26:14.382,4.97E-02
26-08-17 10:26:15.977,5.13E-02
26-08-17 10:26:17.570,5.11E-02
26-08-17 10:26:19.165,5.05E-02
26-08-17 10:26:20.757,4.91E-02
26-08-17 10:26:22.352,4.83E-02
26-08-17 10:26:23.948,4.93E-02
26-08-17 10:26:25.697,4.76E-02
26-08-17 10:26:27.294,5.06E-02
26-08-17 10:26:28.892,5.76E-02
26-08-17 10:26:30.489,4.91E-02
26-08-17 10:26:32.089,4.94E-02
26-08-17 10:26:33.687,4.82E-02
26-08-17 10:26:35.287,4.99E-02
26-08-17 10:26:37.310,5.08E-02
26-08-17 10:26:39.180,4.77E-02
26-08-17 10:26:40.783,4.77E-02
26-08-17 10:26:42.386,4.98E-02
26-08-17 10:26:43.988,4.85E-02
26-08-17 10:26:45.622,5.00E-02
26-08-17 10:26:47.374,5.22E-02
26-08-17 10:26:48.979,5.25E-02
26-08-17 10:26:50.587,5.15E-02
26-08-17 10:26:52.194,4.99E-02
26-08-17 10:26:53.806,4.79E-02
26-08-17 10:26:55.412,5.01E-02
26-08-17 10:26:57.021,5.09E-02
26-08-17 10:26:58.785,4.89E-02
26-08-17 10:27:00.396,4.76E-02
26-08-17 10:27:02.006,4.96E-02
26-08-17 10:27:03.619,4.76E-02
26-08-17 10:27:05.755,6.07E-02
26-08-17 10:27:07.631,5.14E-02
26-08-17 10:27:09.247,5.03E-02
26-08-17 10:27:10.946,5.24E-02
26-08-17 10:27:12.557,4.81E-02
26-08-17 10:27:14.173,5.18E-02
26-08-17 10:27:15.787,5.07E-02
26-08-17 10:27:17.405,5.15E-02
26-08-17 10:27:19.019,5.12E-02
26-08-17 10:27:20.636,4.78E-02
26-08-17 10:27:22.255,4.88E-02
26-08-17 10:27:23.871,4.94E-02
26-08-17 10:27:25.487,5.04E-02
26-08-17 10:27:27.104,4.80E-02
26-08-17 10:27:28.827,5.29E-02
26-08-17 10:27:30.444,4.74E-02
26-08-17 10:27:32.062,4.85E-02
26-08-17 10:27:33.684,4.71E-02
26-08-17 10:27:35.302,5.19E-02
26-08-17 10:27:36.946,4.71E-02
26-08-17 10:27:38.568,4.63E-02
26-08-17 10:27:40.188,5.18E-02
26-08-17 10:27:41.811,5.14E-02
26-08-17 10:27:43.433,4.67E-02
26-08-17 10:27:45.174,4.97E-02
26-08-17 10:27:46.799,5.30E-02
26-08-17 10:27:48.423,5.36E-02
26-08-17 10:27:50.050,4.95E-02
26-08-17 10:27:51.682,5.10E-02
26-08-17 10:27:53.308,4.84E-02
26-08-17 10:27:54.936,4.92E-02
26-08-17 10:27:56.562,4.79E-02
26-08-17 10:27:58.191,5.35E-02
26-08-17 10:27:59.947,4.99E-02
26-08-17 10:28:01.577,4.66E-02
26-08-17 10:28:03.203,5.30E-02
26-08-17 10:28:04.838,5.46E-02
26-08-17 10:28:06.466,4.80E-02
26-08-17 10:28:08.097,4.77E-02
26-08-17 10:28:09.729,4.97E-02
26-08-17 10:28:11.360,4.85E-02
26-08-17 10:28:13.137,5.54E-02
26-08-17 10:28:14.770,4.86E-02
26-08-17 10:28:16.402,5.17E-02
26-08-17 10:28:18.035,5.06E-02
26-08-17 10:28:19.673,4.71E-02
26-08-17 10:28:21.310,5.00E-02
26-08-17 10:28:22.947,5.03E-02
26-08-17 10:28:24.583,4.70E-02
26-08-17 10:28:26.376,4.81E-02
26-08-17 10:28:28.014,5.08E-02
26-08-17 10:28:29.653,4.92E-02
26-08-17 10:28:31.292,4.96E-02
26-08-17 10:28:33.193,5.03E-02
26-08-17 10:28:35.103,4.68E-02
26-08-17 10:28:36.744,4.98E-02
26-08-17 10:28:38.544,4.64E-02
26-08-17 10:28:40.449,5.51E-02
26-08-17 10:28:42.619,4.72E-02
26-08-17 10:28:44.260,5.20E-02
26-08-17 10:28:45.904,5.34E-02
26-08-17 10:28:47.547,5.17E-02
26-08-17 10:28:49.190,5.05E-02
26-08-17 10:28:50.899,5.13E-02
26-08-17 10:28:52.543,4.94E-02
26-08-17 10:28:54.188,4.76E-02
26-08-17 10:28:55.835,4.79E-02
26-08-17 10:28:57.484,4.92E-02
26-08-17 10:28:59.133,4.79E-02
26-08-17 10:29:00.781,5.18E-02
26-08-17 10:29:02.431,5.13E-02
26-08-17 10:29:04.082,4.63E-02
26-08-17 10:29:05.732,4.85E-02
26-08-17 10:29:07.381,5.54E-02
26-08-17 10:29:09.033,5.03E-02
26-08-17 10:29:10.684,4.84E-02
26-08-17 10:29:12.415,5.38E-02
26-08-17 10:29:14.068,5.31E-02
26-08-17 10:29:15.722,4.86E-02
26-08-17 10:29:17.375,4.89E-02
26-08-17 10:29:19.035,5.01E-02
26-08-17 10:29:20.692,5.02E-02
26-08-17 10:29:22.363,4.80E-02
26-08-17 10:29:24.027,4.80E-02
26-08-17 10:29:25.695,4.82E-02
26-08-17 10:29:27.367,4.87E-02
26-08-17 10:29:29.038,5.08E-02
26-08-17 10:29:30.711,5.06E-02
26-08-17 10:29:32.493,4.83E-02
26-08-17 10:29:34.173,5.09E-02
26-08-17 10:29:35.848,4.88E-02
26-08-17 10:29:37.523,9.82E-02
26-08-17 10:29:39.199,4.99E-02
26-08-17 10:29:40.875,5.04E-02
26-08-17 10:29:42.549,4.99E-02
26-08-17 10:29:44.228,4.97E-02
26-08-17 10:29:45.905,5.24E-02
26-08-17 10:29:47.600,4.77E-02
26-08-17 10:29:49.276,4.72E-02
26-08-17 10:29:50.957,5.00E-02
26-08-17 10:29:52.758,4.67E-02
26-08-17 10:29:54.438,5.01E-02
26-08-17 10:29:56.119,5.18E-02
26-08-17 10:29:57.801,4.93E-02
26-08-17 10:29:59.483,4.95E-02
26-08-17 10:30:01.169,5.17E-02
26-08-17 10:30:02.856,5.24E-02
26-08-17 10:30:04.542,4.90E-02
26-08-17 10:30:06.227,1.08E-01
26-08-17 10:30:07.920,5.09E-02
26-08-17 10:30:09.605,4.74E-02
26-08-17 10:30:11.428,5.05E-02
26-08-17 10:30:13.116,5.09E-02
26-08-17 10:30:14.803,5.08E-02
26-08-17 10:30:16.489,5.03E-02
26-08-17 10:30:18.183,5.27E-02
26-08-17 10:30:19.869,4.96E-02
26-08-17 10:30:21.557,4.90E-02
26-08-17 10:30:23.246,5.15E-02
26-08-17 10:30:24.936,5.11E-02
26-08-17 10:30:26.627,9.87E-02
26-08-17 10:30:28.467,5.07E-02
26-08-17 10:30:30.159,5.19E-02
26-08-17 10:30:31.855,5.30E-02
26-08-17 10:30:33.548,4.75E-02
26-08-17 10:30:35.242,4.96E-02
26-08-17 10:30:36.934,5.06E-02
26-08-17 10:30:38.628,4.85E-02
26-08-17 10:30:40.322,4.71E-02
26-08-17 10:30:42.018,5.06E-02
26-08-17 10:30:43.713,4.84E-02
26-08-17 10:30:45.568,5.05E-02
26-08-17 10:30:47.267,4.98E-02
26-08-17 10:30:48.964,5.01E-02
26-08-17 10:30:50.662,4.89E-02
26-08-17 10:30:52.362,5.22E-02
26-08-17 10:30:54.060,4.92E-02
26-08-17 10:30:55.760,4.94E-02
26-08-17 10:30:57.460,5.08E-02
26-08-17 10:30:59.333,4.80E-02
26-08-17 10:31:01.033,4.99E-02
26-08-17 10:31:02.740,4.86E-02
26-08-17 10:31:04.443,4.99E-02
26-08-17 10:31:06.410,5.56E-02
26-08-17 10:31:08.369,4.88E-02
26-08-17 10:31:10.067,4.89E-02
26-08-17 10:31:11.765,5.34E-02
26-08-17 10:31:13.569,5.04E-02
26-08-17 10:31:15.269,5.01E-02
26-08-17 10:31:16.971,4.95E-02
26-08-17 10:31:18.670,4.95E-02
26-08-17 10:31:20.368,5.36E-02
26-08-17 10:31:22.068,5.44E-02
26-08-17 10:31:23.768,5.10E-02
26-08-17 10:31:25.472,5.25E-02
26-08-17 10:31:27.173,4.88E-02
26-08-17 10:31:28.876,4.89E-02
26-08-17 10:31:30.701,4.98E-02
26-08-17 10:31:32.427,4.76E-02
26-08-17 10:31:34.131,4.68E-02
26-08-17 10:31:35.834,5.16E-02
26-08-17 10:31:37.539,5.03E-02
26-08-17 10:31:39.245,4.89E-02
26-08-17 10:31:40.950,4.78E-02
26-08-17 10:31:42.656,5.16E-02
26-08-17 10:31:44.365,4.95E-02
26-08-17 10:31:46.208,5.07E-02
26-08-17 10:31:47.920,4.76E-02
26-08-17 10:31:49.630,4.90E-02
26-08-17 10:31:51.342,4.97E-02
26-08-17 10:31:53.052,4.99E-02
26-08-17 10:31:54.765,5.07E-02
26-08-17 10:31:56.476,4.95E-02
26-08-17 10:31:58.189,5.11E-02
26-08-17 10:31:59.902,5.10E-02
26-08-17 10:32:01.766,4.94E-02
26-08-17 10:32:03.480,5.00E-02
26-08-17 10:32:05.196,4.88E-02
26-08-17 10:32:06.911,5.09E-02
26-08-17 10:32:08.628,4.83E-02
26-08-17 10:32:10.342,5.05E-02
26-08-17 10:32:12.061,5.13E-02
26-08-17 10:32:13.781,4.74E-02
26-08-17 10:32:15.659,4.76E-02
26-08-17 10:32:17.381,4.95E-02
26-08-17 10:32:19.100,4.89E-02
26-08-17 10:32:20.821,5.05E-02
26-08-17 10:32:22.543,5.06E-02
26-08-17 10:32:24.262,4.94E-02
26-08-17 10:32:25.986,5.12E-02
26-08-17 10:32:27.880,5.02E-02
26-08-17 10:32:29.604,5.04E-02
26-08-17 10:32:31.590,4.76E-02
26-08-17 10:32:33.319,4.96E-02
26-08-17 10:32:35.044,4.81E-02
26-08-17 10:32:36.769,4.74E-02
26-08-17 10:32:38.497,4.94E-02
26-08-17 10:32:40.368,4.92E-02
26-08-17 10:32:42.094,4.93E-02
26-08-17 10:32:43.821,4.91E-02
26-08-17 10:32:45.549,4.92E-02
26-08-17 10:32:47.280,5.19E-02
26-08-17 10:32:49.008,5.00E-02
26-08-17 10:32:50.738,4.98E-02
26-08-17 10:32:52.467,4.95E-02
26-08-17 10:32:54.355,4.83E-02
26-08-17 10:32:56.085,5.00E-02
26-08-17 10:32:57.815,4.84E-02
26-08-17 10:32:59.549,4.99E-02
26-08-17 10:33:01.282,4.82E-02
26-08-17 10:33:03.021,5.04E-02
26-08-17 10:33:04.755,4.82E-02
26-08-17 10:33:06.490,4.85E-02
26-08-17 10:33:08.394,4.84E-02
26-08-17 10:33:10.131,5.05E-02
26-08-17 10:33:11.868,5.12E-02
26-08-17 10:33:13.605,5.16E-02
26-08-17 10:33:15.607,4.65E-02
26-08-17 10:33:17.873,4.92E-02
26-08-17 10:33:19.618,4.82E-02
26-08-17 10:33:21.426,5.02E-02
26-08-17 10:33:23.165,5.03E-02
26-08-17 10:33:24.904,5.00E-02
26-08-17 10:33:26.646,4.95E-02
26-08-17 10:33:28.388,4.98E-02
26-08-17 10:33:30.132,5.09E-02
26-08-17 10:33:31.872,4.82E-02
26-08-17 10:33:33.617,5.12E-02
26-08-17 10:33:35.360,8.72E-02
26-08-17 10:33:37.105,5.11E-02
26-08-17 10:33:38.850,5.26E-02
26-08-17 10:33:40.597,4.81E-02
26-08-17 10:33:42.429,4.84E-02
26-08-17 10:33:44.173,4.87E-02
26-08-17 10:33:45.919,4.82E-02
26-08-17 10:33:47.665,4.68E-02
26-08-17 10:33:51.369,4.99E-02
26-08-17 10:33:53.124,4.66E-02
26-08-17 10:33:54.879,5.04E-02
26-08-17 10:33:56.632,5.37E-02
26-08-17 10:33:58.390,4.90E-02
26-08-17 10:34:00.147,4.82E-02
26-08-17 10:34:01.906,4.92E-02
26-08-17 10:34:03.665,4.81E-02
26-08-17 10:34:05.458,4.83E-02
26-08-17 10:34:07.334,4.60E-02
26-08-17 10:34:09.101,4.86E-02
26-08-17 10:34:10.870,4.93E-02
26-08-17 10:34:12.637,5.05E-02
26-08-17 10:34:14.408,5.03E-02
26-08-17 10:34:16.176,4.73E-02
26-08-17 10:34:17.948,4.96E-02
26-08-17 10:34:19.717,9.66E-02
26-08-17 10:34:21.493,4.90E-02
26-08-17 10:34:23.267,5.18E-02
26-08-17 10:34:25.041,5.26E-02
26-08-17 10:34:26.815,4.99E-02
26-08-17 10:34:28.590,4.87E-02
26-08-17 10:34:30.482,5.04E-02
26-08-17 10:34:32.259,4.73E-02
26-08-17 10:34:34.036,5.26E-02
26-08-17 10:34:35.814,4.80E-02
26-08-17 10:34:37.593,4.93E-02
26-08-17 10:34:39.372,4.79E-02
26-08-17 10:34:41.148,4.72E-02
26-08-17 10:34:42.928,4.96E-02
26-08-17 10:34:44.705,4.96E-02
26-08-17 10:34:46.488,5.18E-02
26-08-17 10:34:48.267,4.79E-02
26-08-17 10:34:50.185,4.90E-02
26-08-17 10:34:51.966,5.10E-02
26-08-17 10:34:53.756,4.93E-02
26-08-17 10:34:55.539,5.00E-02
26-08-17 10:34:57.325,4.89E-02
26-08-17 10:34:59.109,4.54E-02
26-08-17 10:35:00.897,5.08E-02
26-08-17 10:35:02.683,4.93E-02
26-08-17 10:35:04.473,5.05E-02
26-08-17 10:35:06.258,4.99E-02
26-08-17 10:35:08.050,4.84E-02
26-08-17 10:35:09.988,4.99E-02
26-08-17 10:35:11.781,4.92E-02
26-08-17 10:35:13.570,5.17E-02
26-08-17 10:35:15.364,5.04E-02
26-08-17 10:35:17.155,5.05E-02
26-08-17 10:35:18.950,4.94E-02
26-08-17 10:35:20.742,5.04E-02
26-08-17 10:35:22.539,4.97E-02
26-08-17 10:35:24.336,4.95E-02
26-08-17 10:35:26.290,5.06E-02
26-08-17 10:35:28.087,5.17E-02
26-08-17 10:35:29.882,5.12E-02
26-08-17 10:35:31.680,1.00E-01
26-08-17 10:35:33.480,4.54E-02
26-08-17 10:35:35.278,6.18E-02
26-08-17 10:35:37.079,4.90E-02
26-08-17 10:35:38.880,4.99E-02
26-08-17 10:35:40.714,4.83E-02
26-08-17 10:35:42.683,5.19E-02
26-08-17 10:35:44.489,5.00E-02
26-08-17 10:35:46.295,5.18E-02
26-08-17 10:35:48.100,5.17E-02
26-08-17 10:35:49.909,5.06E-02
26-08-17 10:35:51.717,4.88E-02
26-08-17 10:35:53.527,4.89E-02
26-08-17 10:35:57.304,5.26E-02
26-08-17 10:35:59.700,5.08E-02
26-08-17 10:36:01.494,4.85E-02
26-08-17 10:36:03.288,4.88E-02
26-08-17 10:36:05.081,5.32E-02
26-08-17 10:36:06.876,5.11E-02
26-08-17 10:36:08.672,5.60E-02
26-08-17 10:36:10.470,4.65E-02
26-08-17 10:36:12.268,5.62E-02
26-08-17 10:36:14.066,5.12E-02
26-08-17 10:36:15.866,4.50E-02
26-08-17 10:36:17.667,5.07E-02
26-08-17 10:36:19.564,5.17E-02
26-08-17 10:36:21.365,5.01E-02
26-08-17 10:36:23.166,4.96E-02
26-08-17 10:36:24.968,5.10E-02
26-08-17 10:36:26.769,4.78E-02
26-08-17 10:36:28.574,4.94E-02
26-08-17 10:36:30.383,5.16E-02
26-08-17 10:36:32.188,4.67E-02
26-08-17 10:36:33.995,4.95E-02
26-08-17 10:36:35.802,4.77E-02
26-08-17 10:36:37.608,4.72E-02
26-08-17 10:36:39.527,4.99E-02
26-08-17 10:36:41.335,4.94E-02
26-08-17 10:36:43.143,4.91E-02
26-08-17 10:36:44.950,4.75E-02
26-08-17 10:36:46.765,5.12E-02
26-08-17 10:36:48.576,4.82E-02
26-08-17 10:36:50.386,4.95E-02
26-08-17 10:36:52.199,4.48E-02
26-08-17 10:36:54.010,4.77E-02
26-08-17 10:36:55.950,4.73E-02
26-08-17 10:36:57.764,4.54E-02
26-08-17 10:36:59.578,5.29E-02
26-08-17 10:37:01.399,4.72E-02
26-08-17 10:37:03.214,4.81E-02
26-08-17 10:37:05.031,4.82E-02
26-08-17 10:37:06.849,4.94E-02
26-08-17 10:37:08.667,5.06E-02
26-08-17 10:37:10.485,5.06E-02
26-08-17 10:37:12.441,5.16E-02
26-08-17 10:37:14.263,4.84E-02
26-08-17 10:37:16.082,4.87E-02
26-08-17 10:37:17.907,4.90E-02
26-08-17 10:37:19.730,5.10E-02
26-08-17 10:37:21.554,5.01E-02
26-08-17 10:37:23.377,5.00E-02
26-08-17 10:37:25.201,5.18E-02
26-08-17 10:37:27.176,5.71E-02
26-08-17 10:37:29.003,5.33E-02
26-08-17 10:37:30.828,5.21E-02
26-08-17 10:37:32.654,4.99E-02
26-08-17 10:37:34.484,5.58E-02
26-08-17 10:37:36.313,4.78E-02
26-08-17 10:37:38.143,4.79E-02
26-08-17 10:37:40.395,4.97E-02
26-08-17 10:37:42.489,4.91E-02
26-08-17 10:37:44.319,5.38E-02
26-08-17 10:37:46.149,4.89E-02
26-08-17 10:37:47.982,4.59E-02
26-08-17 10:37:49.819,4.98E-02
26-08-17 10:37:51.797,5.05E-02
26-08-17 10:37:53.631,5.07E-02
26-08-17 10:37:55.467,4.85E-02
26-08-17 10:37:57.304,4.99E-02
26-08-17 10:37:59.139,4.71E-02
26-08-17 10:38:00.979,5.18E-02
26-08-17 10:38:02.817,5.00E-02
26-08-17 10:38:04.655,4.86E-02
26-08-17 10:38:06.655,4.82E-02
26-08-17 10:38:08.495,7.71E-02
26-08-17 10:38:10.338,4.82E-02
26-08-17 10:38:12.181,4.78E-02
26-08-17 10:38:14.022,4.88E-02
26-08-17 10:38:16.392,5.14E-02
26-08-17 10:38:18.764,5.02E-02
26-08-17 10:38:20.659,5.10E-02
26-08-17 10:38:22.507,5.00E-02
26-08-17 10:38:24.357,5.13E-02
26-08-17 10:38:26.204,4.65E-02
26-08-17 10:38:28.049,4.97E-02
26-08-17 10:38:29.902,4.85E-02
26-08-17 10:38:31.752,4.73E-02
26-08-17 10:38:33.613,4.57E-02
26-08-17 10:38:35.470,5.22E-02
26-08-17 10:38:37.326,5.15E-02
26-08-17 10:38:39.189,4.73E-02
26-08-17 10:38:41.048,4.86E-02
26-08-17 10:38:42.908,4.88E-02
26-08-17 10:38:44.767,5.14E-02
26-08-17 10:38:46.702,4.86E-02
26-08-17 10:38:48.563,4.85E-02
26-08-17 10:38:50.426,4.66E-02
26-08-17 10:38:52.289,5.14E-02
26-08-17 10:38:54.156,4.99E-02
26-08-17 10:38:56.023,4.89E-02
26-08-17 10:38:57.891,4.87E-02
26-08-17 10:38:59.757,5.06E-02
26-08-17 10:39:01.627,5.19E-02
26-08-17 10:39:03.494,4.93E-02
26-08-17 10:39:05.366,4.88E-02
26-08-17 10:39:07.236,4.85E-02
26-08-17 10:39:09.107,5.20E-02
26-08-17 10:39:10.979,4.99E-02
26-08-17 10:39:12.942,4.95E-02
26-08-17 10:39:14.812,4.81E-02
26-08-17 10:39:16.685,4.77E-02
26-08-17 10:39:18.558,4.75E-02
26-08-17 10:39:20.433,5.03E-02
26-08-17 10:39:22.306,4.82E-02
26-08-17 10:39:24.182,4.62E-02
26-08-17 10:39:26.058,5.01E-02
26-08-17 10:39:27.941,5.04E-02
26-08-17 10:39:29.819,4.73E-02
26-08-17 10:39:31.698,9.54E-02
26-08-17 10:39:33.576,5.40E-02
26-08-17 10:39:35.457,5.40E-02
26-08-17 10:39:37.439,4.76E-02
26-08-17 10:39:39.321,4.86E-02
26-08-17 10:39:41.201,4.82E-02
26-08-17 10:39:43.082,5.11E-02
26-08-17 10:39:44.969,5.03E-02
26-08-17 10:39:46.852,4.89E-02
26-08-17 10:39:48.736,5.13E-02
26-08-17 10:39:50.618,5.02E-02
26-08-17 10:39:52.504,5.10E-02
26-08-17 10:39:54.388,4.82E-02
26-08-17 10:39:56.273,5.27E-02
26-08-17 10:39:58.162,4.67E-02
26-08-17 10:40:00.164,4.90E-02
26-08-17 10:40:02.091,4.73E-02
26-08-17 10:40:03.985,5.01E-02
26-08-17 10:40:05.876,4.85E-02
26-08-17 10:40:07.768,5.18E-02
26-08-17 10:40:09.658,4.86E-02
26-08-17 10:40:11.551,5.16E-02
26-08-17 10:40:13.443,4.90E-02
26-08-17 10:40:15.337,5.05E-02
26-08-17 10:40:17.238,4.71E-02
26-08-17 10:40:19.135,5.08E-02
26-08-17 10:40:21.165,4.86E-02
26-08-17 10:40:23.065,5.17E-02
26-08-17 10:40:24.962,4.72E-02
26-08-17 10:40:26.860,4.85E-02
26-08-17 10:40:28.758,4.89E-02
26-08-17 10:40:30.657,5.16E-02
26-08-17 10:40:32.559,5.11E-02
26-08-17 10:40:34.466,4.79E-02
26-08-17 10:40:36.365,4.89E-02
26-08-17 10:40:38.270,5.05E-02
26-08-17 10:40:40.183,5.06E-02
26-08-17 10:40:42.232,5.11E-02
26-08-17 10:40:44.136,4.74E-02
26-08-17 10:40:46.041,4.91E-02
26-08-17 10:40:47.947,4.94E-02
26-08-17 10:40:49.857,5.09E-02
26-08-17 10:40:51.770,5.21E-02
26-08-17 10:40:53.677,4.74E-02
26-08-17 10:40:55.587,4.85E-02
26-08-17 10:40:57.496,4.83E-02
26-08-17 10:40:59.406,5.03E-02
26-08-17 10:41:01.474,5.09E-02
26-08-17 10:41:03.386,5.12E-02
26-08-17 10:41:05.301,5.21E-02
26-08-17 10:41:07.482,4.72E-02
26-08-17 10:41:09.661,5.12E-02
26-08-17 10:41:11.824,5.07E-02
26-08-17 10:41:13.728,4.59E-02
26-08-17 10:41:15.632,5.01E-02
26-08-17 10:41:17.604,4.88E-02
26-08-17 10:41:19.508,5.03E-02
26-08-17 10:41:21.413,4.83E-02
26-08-17 10:41:23.318,5.79E-02
26-08-17 10:41:25.229,4.97E-02
26-08-17 10:41:27.137,5.02E-02
26-08-17 10:41:29.046,4.64E-02
26-08-17 10:41:30.958,5.07E-02
26-08-17 10:41:32.868,4.93E-02
26-08-17 10:41:34.778,4.78E-02
26-08-17 10:41:36.687,7.95E-02
26-08-17 10:41:38.599,5.12E-02
26-08-17 10:41:40.510,4.72E-02
26-08-17 10:41:42.514,4.89E-02
26-08-17 10:41:44.428,4.65E-02
26-08-17 10:41:46.345,4.92E-02
26-08-17 10:41:48.265,4.94E-02
26-08-17 10:41:50.185,4.89E-02
26-08-17 10:41:52.104,4.94E-02
26-08-17 10:41:54.024,5.05E-02
26-08-17 10:41:55.943,4.97E-02
26-08-17 10:41:57.871,5.07E-02
26-08-17 10:41:59.793,5.07E-02
26-08-17 10:42:01.719,5.00E-02
26-08-17 10:42:03.641,4.78E-02
26-08-17 10:42:05.702,4.95E-02
26-08-17 10:42:07.628,4.67E-02
26-08-17 10:42:09.554,4.90E-02
26-08-17 10:42:11.483,4.94E-02
26-08-17 10:42:13.412,4.89E-02
26-08-17 10:42:15.344,5.06E-02
26-08-17 10:42:17.275,4.83E-02
26-08-17 10:42:19.204,5.03E-02
26-08-17 10:42:21.136,5.16E-02
26-08-17 10:42:23.187,5.00E-02
26-08-17 10:42:25.120,4.94E-02
26-08-17 10:42:27.056,4.97E-02
26-08-17 10:42:28.989,4.94E-02
26-08-17 10:42:30.923,5.04E-02
26-08-17 10:42:32.866,4.91E-02
26-08-17 10:42:34.801,4.85E-02
26-08-17 10:42:36.739,4.79E-02
26-08-17 10:42:38.678,5.00E-02
26-08-17 10:42:40.749,4.69E-02
26-08-17 10:42:42.690,4.70E-02
26-08-17 10:42:44.630,4.75E-02
26-08-17 10:42:46.572,5.07E-02
26-08-17 10:42:48.518,4.86E-02
26-08-17 10:42:50.459,4.88E-02
26-08-17 10:42:52.402,4.98E-02
26-08-17 10:42:54.346,5.13E-02
26-08-17 10:42:56.291,5.03E-02
26-08-17 10:42:58.383,4.70E-02
26-08-17 10:43:00.330,4.89E-02
26-08-17 10:43:02.278,4.96E-02
26-08-17 10:43:04.223,5.01E-02
26-08-17 10:43:06.175,5.13E-02
26-08-17 10:43:08.121,4.76E-02
26-08-17 10:43:10.069,5.05E-02
26-08-17 10:43:12.175,5.16E-02
26-08-17 10:43:14.125,4.90E-02
26-08-17 10:43:16.337,4.81E-02
26-08-17 10:43:18.551,5.02E-02
26-08-17 10:43:20.504,5.13E-02
26-08-17 10:43:22.455,5.20E-02
26-08-17 10:43:24.410,4.97E-02
26-08-17 10:43:26.516,4.92E-02
26-08-17 10:43:28.482,4.75E-02
26-08-17 10:43:30.447,5.16E-02
26-08-17 10:43:32.412,4.87E-02
26-08-17 10:43:34.374,4.92E-02
26-08-17 10:43:36.605,5.10E-02
26-08-17 10:43:38.830,4.95E-02
26-08-17 10:43:40.792,4.97E-02
26-08-17 10:43:42.909,5.10E-02
26-08-17 10:43:45.131,4.76E-02
26-08-17 10:43:47.355,4.74E-02
26-08-17 10:43:49.318,5.15E-02
26-08-17 10:43:51.281,4.92E-02
26-08-17 10:43:53.506,4.76E-02
26-08-17 10:43:55.735,4.84E-02
26-08-17 10:43:57.854,4.94E-02
26-08-17 10:43:59.825,4.76E-02
26-08-17 10:44:02.057,5.14E-02
26-08-17 10:44:04.286,4.62E-02
26-08-17 10:44:06.254,5.08E-02
26-08-17 10:44:08.222,5.37E-02
26-08-17 10:44:10.455,4.97E-02
26-08-17 10:44:12.843,4.89E-02
26-08-17 10:44:14.812,5.07E-02
26-08-17 10:44:16.781,4.78E-02
26-08-17 10:44:19.017,4.91E-02
26-08-17 10:44:21.250,5.10E-02
26-08-17 10:44:23.220,4.96E-02
26-08-17 10:44:25.193,5.31E-02
26-08-17 10:44:27.591,4.92E-02
26-08-17 10:44:29.830,4.86E-02
26-08-17 10:44:31.804,4.82E-02
26-08-17 10:44:33.780,5.06E-02
26-08-17 10:44:36.017,5.00E-02
26-08-17 10:44:38.280,5.10E-02
26-08-17 10:44:40.256,4.92E-02
26-08-17 10:44:42.393,4.97E-02
26-08-17 10:44:44.637,4.97E-02
26-08-17 10:44:46.878,4.86E-02
26-08-17 10:44:48.856,4.94E-02
26-08-17 10:44:50.835,4.94E-02
26-08-17 10:44:53.078,5.01E-02
26-08-17 10:44:55.486,7.76E-02
26-08-17 10:44:57.468,5.23E-02
26-08-17 10:44:59.450,4.99E-02
26-08-17 10:45:01.696,4.99E-02
26-08-17 10:45:03.949,4.81E-02
26-08-17 10:45:05.934,4.91E-02
26-08-17 10:45:07.921,4.97E-02
26-08-17 10:45:10.329,4.93E-02
26-08-17 10:45:12.580,5.09E-02
26-08-17 10:45:14.572,4.99E-02
26-08-17 10:45:16.562,4.96E-02
26-08-17 10:45:18.817,4.92E-02
26-08-17 10:45:21.070,4.85E-02
26-08-17 10:45:23.061,4.83E-02
26-08-17 10:45:25.214,5.02E-02
26-08-17 10:45:27.470,4.87E-02
26-08-17 10:45:29.727,4.90E-02
26-08-17 10:45:31.720,8.91E-02
26-08-17 10:45:33.717,4.77E-02
26-08-17 10:45:35.978,3.69E-01
26-08-17 10:45:38.237,3.75E-01
26-08-17 10:45:40.391,3.76E-01
26-08-17 10:45:42.391,3.72E-01
26-08-17 10:45:44.651,3.75E-01
26-08-17 10:45:46.913,4.92E-02
26-08-17 10:45:48.914,5.00E-02
26-08-17 10:45:50.916,5.22E-02
26-08-17 10:45:53.179,5.11E-02
26-08-17 10:45:55.603,4.99E-02
26-08-17 10:45:57.604,4.89E-02
26-08-17 10:45:59.605,5.26E-02
26-08-17 10:46:01.870,5.04E-02
26-08-17 10:46:04.139,5.15E-02
26-08-17 10:46:06.146,1.06E-01
26-08-17 10:46:08.153,4.87E-02
26-08-17 10:46:10.586,4.61E-02
26-08-17 10:46:12.856,4.96E-02
26-08-17 10:46:14.865,4.87E-02
26-08-17 10:46:16.874,4.89E-02
26-08-17 10:46:19.148,4.96E-02
26-08-17 10:46:21.426,5.07E-02
26-08-17 10:46:23.437,4.76E-02
26-08-17 10:46:25.604,4.99E-02
26-08-17 10:46:27.881,4.92E-02
26-08-17 10:46:30.160,4.83E-02
26-08-17 10:46:32.170,4.77E-02
26-08-17 10:46:34.183,4.90E-02
26-08-17 10:46:36.460,4.73E-02
26-08-17 10:46:38.740,7.14E-02
26-08-17 10:46:40.914,4.94E-02
26-08-17 10:46:42.932,4.85E-02
26-08-17 10:46:45.211,4.80E-02
26-08-17 10:46:47.495,4.76E-02
26-08-17 10:46:49.511,8.97E-02
26-08-17 10:46:51.528,4.65E-02
26-08-17 10:46:53.812,5.08E-02
26-08-17 10:46:56.249,4.89E-02
26-08-17 10:46:58.270,4.98E-02
26-08-17 10:47:00.289,5.20E-02
26-08-17 10:47:02.572,4.85E-02
26-08-17 10:47:04.859,5.27E-02
26-08-17 10:47:06.886,4.59E-02
26-08-17 10:47:08.909,5.44E-02
26-08-17 10:47:11.354,5.22E-02
26-08-17 10:47:13.638,4.82E-02
26-08-17 10:47:15.660,4.72E-02
26-08-17 10:47:17.686,5.00E-02
26-08-17 10:47:19.975,4.99E-02
26-08-17 10:47:22.264,5.15E-02
26-08-17 10:47:24.292,5.02E-02
26-08-17 10:47:26.483,5.09E-02
26-08-17 10:47:28.776,4.87E-02
26-08-17 10:47:31.069,4.79E-02
26-08-17 10:47:33.097,5.07E-02
26-08-17 10:47:35.129,4.99E-02
26-08-17 10:47:37.424,4.64E-02
26-08-17 10:47:39.720,5.16E-02
26-08-17 10:47:41.912,4.88E-02
26-08-17 10:47:43.948,5.00E-02
26-08-17 10:47:46.244,5.10E-02
26-08-17 10:47:48.541,5.12E-02
26-08-17 10:47:50.575,5.15E-02
26-08-17 10:47:52.609,5.25E-02
26-08-17 10:47:54.909,5.02E-02
26-08-17 10:47:57.365,5.22E-02
26-08-17 10:47:59.401,4.69E-02
26-08-17 10:48:01.441,4.77E-02
26-08-17 10:48:03.746,4.79E-02
26-08-17 10:48:06.053,4.98E-02
26-08-17 10:48:08.096,5.02E-02
26-08-17 10:48:10.139,4.82E-02
26-08-17 10:48:12.607,4.80E-02
26-08-17 10:48:14.912,4.97E-02
26-08-17 10:48:16.954,5.17E-02
26-08-17 10:48:19.000,4.98E-02
26-08-17 10:48:21.308,5.11E-02
26-08-17 10:48:23.620,4.91E-02
26-08-17 10:48:25.667,5.02E-02
26-08-17 10:48:27.872,4.47E-02
26-08-17 10:48:30.181,4.71E-02
26-08-17 10:48:32.494,4.90E-02
26-08-17 10:48:34.542,4.95E-02
26-08-17 10:48:36.591,4.95E-02
26-08-17 10:48:38.906,4.95E-02
26-08-17 10:48:41.222,4.98E-02
26-08-17 10:48:43.434,4.99E-02
26-08-17 10:48:45.486,4.76E-02
26-08-17 10:48:47.800,5.09E-02
26-08-17 10:48:50.119,4.84E-02
26-08-17 10:48:52.173,4.74E-02
26-08-17 10:48:54.226,4.88E-02
26-08-17 10:48:56.551,4.96E-02
26-08-17 10:49:00.474,5.00E-02
26-08-17 10:49:02.540,4.79E-02
26-08-17 10:49:04.609,5.05E-02
26-08-17 10:49:06.942,5.07E-02
26-08-17 10:49:09.269,4.97E-02
26-08-17 10:49:11.330,4.84E-02
26-08-17 10:49:13.658,5.04E-02
26-08-17 10:49:16.143,4.97E-02
26-08-17 10:49:18.207,5.08E-02
26-08-17 10:49:20.537,4.83E-02
26-08-17 10:49:22.868,5.04E-02
26-08-17 10:49:24.933,5.04E-02
26-08-17 10:49:27.261,4.84E-02
26-08-17 10:49:29.594,5.31E-02
26-08-17 10:49:31.822,4.78E-02
26-08-17 10:49:34.153,5.21E-02
26-08-17 10:49:36.488,4.79E-02
26-08-17 10:49:38.561,5.01E-02
26-08-17 10:49:41.180,4.82E-02
26-08-17 10:49:43.251,4.70E-02
26-08-17 10:49:45.482,4.93E-02
26-08-17 10:49:48.084,4.96E-02
26-08-17 10:49:50.420,4.82E-02
26-08-17 10:49:52.756,5.15E-02
26-08-17 10:49:55.091,5.09E-02
26-08-17 10:49:57.433,4.93E-02
26-08-17 10:49:59.775,5.00E-02
26-08-17 10:50:02.277,5.02E-02
26-08-17 10:50:04.617,1.06E-01
26-08-17 10:50:06.961,5.01E-02
26-08-17 10:50:09.306,5.16E-02
26-08-17 10:50:11.648,4.72E-02
26-08-17 10:50:13.992,4.64E-02
26-08-17 10:50:16.497,4.97E-02
26-08-17 10:50:18.844,4.97E-02
26-08-17 10:50:21.188,4.76E-02
26-08-17 10:50:23.539,5.36E-02
26-08-17 10:50:25.889,5.11E-02
26-08-17 10:50:28.240,5.09E-02
26-08-17 10:50:30.588,5.17E-02
26-08-17 10:50:33.095,4.89E-02
26-08-17 10:50:35.443,4.64E-02
26-08-17 10:50:37.794,5.05E-02
26-08-17 10:50:40.146,5.34E-02
26-08-17 10:50:42.501,4.94E-02
26-08-17 10:50:44.853,4.64E-02
26-08-17 10:50:47.206,4.81E-02
26-08-17 10:50:49.722,4.94E-02
26-08-17 10:50:52.077,4.71E-02
26-08-17 10:50:54.432,5.16E-02
26-08-17 10:50:56.788,4.91E-02
26-08-17 10:50:59.148,4.83E-02
26-08-17 10:51:01.502,4.95E-02
26-08-17 10:51:04.030,5.11E-02
26-08-17 10:51:06.387,4.86E-02
26-08-17 10:51:08.749,4.91E-02
26-08-17 10:51:11.110,5.05E-02
26-08-17 10:51:13.470,4.99E-02
26-08-17 10:51:15.832,5.24E-02
26-08-17 10:51:18.195,4.97E-02
26-08-17 10:51:20.715,5.31E-02
26-08-17 10:51:23.105,4.84E-02
26-08-17 10:51:25.474,5.05E-02
26-08-17 10:51:27.578,4.62E-02
26-08-17 10:51:29.683,4.91E-02
26-08-17 10:51:31.791,4.85E-02
26-08-17 10:51:33.961,4.80E-02
26-08-17 10:51:36.065,4.75E-02
26-08-17 10:51:38.174,4.96E-02
26-08-17 10:51:40.285,5.07E-02
26-08-17 10:51:42.397,5.52E-02
26-08-17 10:51:44.507,5.45E-02
26-08-17 10:51:46.616,1.32E-01
26-08-17 10:51:48.729,1.22E-01
26-08-17 10:51:50.842,1.04E-01
26-08-17 10:51:52.954,1.11E-01
26-08-17 10:51:55.068,1.16E-01
26-08-17 10:51:57.182,1.17E-01
26-08-17 10:51:59.296,8.84E-02
26-08-17 10:52:01.497,8.35E-02
26-08-17 10:52:03.614,8.12E-02
26-08-17 10:52:05.731,8.84E-02
26-08-17 10:52:07.850,9.44E-02
26-08-17 10:52:09.973,8.56E-02
26-08-17 10:52:12.093,8.86E-02
26-08-17 10:52:14.216,8.01E-02
26-08-17 10:52:16.338,1.10E-01
26-08-17 10:52:18.459,8.67E-02
26-08-17 10:52:20.586,9.60E-02
26-08-17 10:52:22.710,7.87E-02
26-08-17 10:52:24.835,7.63E-02
26-08-17 10:52:27.058,7.76E-02
26-08-17 10:52:29.185,8.91E-02
26-08-17 10:52:31.314,1.14E-01
26-08-17 10:52:33.441,7.36E-02
26-08-17 10:52:35.568,8.00E-02
26-08-17 10:52:37.698,1.07E-01
26-08-17 10:52:39.826,6.92E-02
26-08-17 10:52:41.958,7.85E-02
26-08-17 10:52:44.092,1.04E-01
26-08-17 10:52:46.226,7.26E-02
26-08-17 10:52:48.476,8.50E-02
26-08-17 10:52:50.611,7.92E-02
26-08-17 10:52:52.746,1.06E-01
26-08-17 10:52:54.879,1.07E-01
26-08-17 10:52:57.018,8.30E-02
26-08-17 10:52:59.154,8.46E-02
26-08-17 10:53:01.291,8.86E-02
26-08-17 10:53:03.432,8.89E-02
26-08-17 10:53:05.575,8.43E-02
26-08-17 10:53:07.714,8.40E-02
26-08-17 10:53:09.981,8.18E-02
26-08-17 10:53:12.126,5.95E-02
26-08-17 10:53:14.268,5.88E-02
26-08-17 10:53:16.414,5.37E-02
26-08-17 10:53:18.560,5.08E-02
26-08-17 10:53:20.707,4.81E-02
26-08-17 10:53:22.850,4.97E-02
26-08-17 10:53:24.998,4.98E-02
26-08-17 10:53:27.286,4.88E-02
26-08-17 10:53:29.437,4.97E-02
26-08-17 10:53:31.586,4.86E-02
26-08-17 10:53:33.735,4.81E-02
26-08-17 10:53:35.887,4.90E-02
26-08-17 10:53:38.040,5.17E-02
26-08-17 10:53:40.196,4.95E-02
26-08-17 10:53:42.349,4.76E-02
26-08-17 10:53:44.658,4.90E-02
26-08-17 10:53:46.812,5.02E-02
26-08-17 10:53:48.966,4.88E-02
26-08-17 10:53:51.121,5.11E-02
26-08-17 10:53:53.281,5.10E-02
26-08-17 10:53:55.702,4.82E-02
26-08-17 10:53:58.124,5.02E-02
26-08-17 10:54:00.810,4.92E-02
26-08-17 10:54:05.242,4.82E-02
26-08-17 10:54:07.933,4.76E-02
26-08-17 10:54:10.097,4.93E-02
26-08-17 10:54:12.257,4.82E-02
26-08-17 10:54:14.420,5.20E-02
26-08-17 10:54:16.589,4.96E-02
26-08-17 10:54:18.816,4.99E-02
26-08-17 10:54:20.979,4.93E-02
26-08-17 10:54:23.147,5.28E-02
26-08-17 10:54:25.316,5.18E-02
26-08-17 10:54:27.486,4.79E-02
26-08-17 10:54:29.653,4.68E-02
26-08-17 10:54:31.822,5.10E-02
26-08-17 10:54:33.994,4.67E-02
26-08-17 10:54:36.167,4.95E-02
26-08-17 10:54:38.339,5.05E-02
26-08-17 10:54:40.514,4.91E-02
26-08-17 10:54:42.684,5.01E-02
26-08-17 10:54:44.860,4.82E-02
26-08-17 10:54:47.120,5.03E-02
26-08-17 10:54:49.302,4.74E-02
26-08-17 10:54:51.488,4.63E-02
26-08-17 10:54:53.701,4.83E-02
26-08-17 10:54:55.889,5.06E-02
26-08-17 10:54:58.080,5.10E-02
26-08-17 10:55:00.271,4.97E-02
26-08-17 10:55:02.464,5.04E-02
26-08-17 10:55:04.654,4.96E-02
26-08-17 10:55:06.847,4.80E-02
26-08-17 10:55:09.042,4.81E-02
26-08-17 10:55:11.237,4.87E-02
26-08-17 10:55:13.432,4.83E-02
26-08-17 10:55:15.632,5.04E-02
26-08-17 10:55:17.921,4.83E-02
26-08-17 10:55:20.119,4.88E-02
26-08-17 10:55:22.317,5.07E-02
26-08-17 10:55:24.520,5.04E-02
26-08-17 10:55:26.723,4.98E-02
26-08-17 10:55:28.928,5.24E-02
26-08-17 10:55:31.128,4.92E-02
26-08-17 10:55:33.337,5.16E-02
26-08-17 10:55:35.539,4.88E-02
26-08-17 10:55:37.748,4.92E-02
26-08-17 10:55:39.951,4.79E-02
26-08-17 10:55:42.161,5.26E-02
26-08-17 10:55:44.478,4.84E-02
26-08-17 10:55:46.689,4.91E-02
26-08-17 10:55:48.898,4.71E-02
