time,current
,A
26-09-14 09:46:13.634,-1.15E+00
26-09-14 09:46:14.415,-1.13E+00
26-09-14 09:46:15.132,-1.15E+00
26-09-14 09:46:15.848,-1.14E+00
26-09-14 09:46:16.562,-1.11E+00
26-09-14 09:46:17.276,-1.13E+00
26-09-14 09:46:17.989,-1.14E+00
26-09-14 09:46:18.704,-1.12E+00
26-09-14 09:46:19.417,-1.15E+00
26-09-14 09:46:20.132,-1.13E+00
26-09-14 09:46:20.847,-1.12E+00
26-09-14 09:46:21.563,-1.11E+00
26-09-14 09:46:22.277,-1.13E+00
26-09-14 09:46:22.992,-1.13E+00
26-09-14 09:46:23.705,-1.11E+00
26-09-14 09:46:24.420,-1.11E+00
26-09-14 09:46:25.133,-1.13E+00
26-09-14 09:46:25.848,-1.14E+00
26-09-14 09:46:26.563,-1.14E+00
26-09-14 09:46:27.278,-1.12E+00
26-09-14 09:46:27.992,-1.09E+00
26-09-14 09:46:28.706,-1.10E+00
26-09-14 09:46:29.419,-1.12E+00
26-09-14 09:46:30.134,-1.14E+00
26-09-14 09:46:30.847,-1.11E+00
26-09-14 09:46:31.562,-1.11E+00
26-09-14 09:46:32.278,-1.14E+00
26-09-14 09:46:32.993,-1.14E+00
26-09-14 09:46:33.707,-1.10E+00
26-09-14 09:46:34.420,-1.14E+00
26-09-14 09:46:35.135,-1.10E+00
26-09-14 09:46:35.848,-1.16E+00
26-09-14 09:46:36.563,-1.14E+00
26-09-14 09:46:37.277,-1.15E+00
26-09-14 09:46:37.993,-1.12E+00
26-09-14 09:46:38.706,-1.12E+00
26-09-14 09:46:39.422,-1.15E+00
26-09-14 09:46:40.136,-1.14E+00
26-09-14 09:46:40.849,-1.13E+00
26-09-14 09:46:41.564,-1.12E+00
26-09-14 09:46:42.278,-1.13E+00
26-09-14 09:46:43.541,-1.13E+00
26-09-14 09:46:44.255,-1.13E+00
26-09-14 09:46:44.968,-1.11E+00
26-09-14 09:46:45.683,-1.13E+00
26-09-14 09:46:46.396,-1.11E+00
26-09-14 09:46:47.115,-1.11E+00
26-09-14 09:46:47.828,-1.14E+00
26-09-14 09:46:48.543,-1.13E+00
26-09-14 09:46:49.256,-1.14E+00
26-09-14 09:46:49.971,-1.13E+00
26-09-14 09:46:50.684,-1.09E+00
26-09-14 09:46:51.399,-1.10E+00
26-09-14 09:46:52.117,-1.14E+00
26-09-14 09:46:52.830,-1.12E+00
26-09-14 09:46:53.546,-1.11E+00
26-09-14 09:46:54.260,-1.09E+00
26-09-14 09:46:54.973,-1.13E+00
26-09-14 09:46:55.688,-1.12E+00
26-09-14 09:46:56.401,-1.11E+00
26-09-14 09:46:57.116,-1.10E+00
26-09-14 09:46:57.834,-1.11E+00
26-09-14 09:46:58.547,-1.10E+00
26-09-14 09:46:59.262,-1.09E+00
26-09-14 09:46:59.975,-1.10E+00
26-09-14 09:47:00.690,-1.12E+00
26-09-14 09:47:01.404,-1.12E+00
26-09-14 09:47:02.117,-1.12E+00
26-09-14 09:47:02.832,-1.13E+00
26-09-14 09:47:03.550,-1.11E+00
26-09-14 09:47:04.264,-1.09E+00
26-09-14 09:47:04.977,-1.10E+00
26-09-14 09:47:05.692,-1.10E+00
26-09-14 09:47:06.407,-1.10E+00
26-09-14 09:47:07.122,-1.13E+00
26-09-14 09:47:07.838,-1.10E+00
26-09-14 09:47:08.554,-1.12E+00
26-09-14 09:47:09.268,-1.11E+00
26-09-14 09:47:09.981,-1.13E+00
26-09-14 09:47:10.696,-1.10E+00
26-09-14 09:47:11.409,-1.09E+00
26-09-14 09:47:12.124,-1.11E+00
26-09-14 09:47:12.837,-1.11E+00
26-09-14 09:47:13.554,-1.13E+00
26-09-14 09:47:14.267,-1.12E+00
26-09-14 09:47:14.983,-1.09E+00
26-09-14 09:47:15.697,-1.12E+00
26-09-14 09:47:16.410,-1.12E+00
26-09-14 09:47:17.125,-1.11E+00
26-09-14 09:47:17.838,-1.10E+00
26-09-14 09:47:18.553,-1.09E+00
26-09-14 09:47:19.268,-1.12E+00
26-09-14 09:47:19.984,-1.11E+00
26-09-14 09:47:20.698,-1.09E+00
26-09-14 09:47:21.411,-1.10E+00
26-09-14 09:47:22.126,-1.12E+00
26-09-14 09:47:22.839,-1.13E+00
26-09-14 09:47:23.554,-1.11E+00
26-09-14 09:47:24.267,-1.12E+00
26-09-14 09:47:24.984,-1.12E+00
26-09-14 09:47:25.697,-1.09E+00
26-09-14 09:47:26.413,-1.11E+00
26-09-14 09:47:27.127,-1.11E+00
26-09-14 09:47:27.841,-1.11E+00
26-09-14 09:47:28.554,-1.11E+00
26-09-14 09:47:29.269,-1.12E+00
26-09-14 09:47:29.982,-1.11E+00
26-09-14 09:47:30.699,-1.11E+00
26-09-14 09:47:31.412,-1.11E+00
26-09-14 09:47:32.128,-1.11E+00
26-09-14 09:47:32.842,-1.11E+00
26-09-14 09:47:33.555,-1.09E+00
26-09-14 09:47:34.270,-1.10E+00
26-09-14 09:47:34.983,-1.11E+00
26-09-14 09:47:35.699,-1.11E+00
26-09-14 09:47:36.414,-1.10E+00
26-09-14 09:47:37.130,-1.09E+00
26-09-14 09:47:37.844,-1.10E+00
26-09-14 09:47:38.557,-1.09E+00
26-09-14 09:47:39.272,-1.09E+00
26-09-14 09:47:39.985,-1.09E+00
26-09-14 09:47:40.700,-1.08E+00
26-09-14 09:47:41.413,-1.09E+00
26-09-14 09:47:42.130,-1.10E+00
26-09-14 09:47:42.843,-1.11E+00
26-09-14 09:47:43.559,-1.08E+00
26-09-14 09:47:44.273,-1.11E+00
26-09-14 09:47:44.986,-1.10E+00
26-09-14 09:47:45.701,-1.10E+00
26-09-14 09:47:46.414,-1.09E+00
26-09-14 09:47:47.129,-1.08E+00
26-09-14 09:47:47.844,-1.09E+00
26-09-14 09:47:48.560,-1.09E+00
26-09-14 09:47:49.274,-1.10E+00
26-09-14 09:47:49.988,-1.09E+00
26-09-14 09:47:50.701,-1.10E+00
26-09-14 09:47:51.416,-1.10E+00
26-09-14 09:47:52.129,-1.10E+00
26-09-14 09:47:52.844,-1.09E+00
26-09-14 09:47:53.559,-1.09E+00
26-09-14 09:47:54.275,-1.10E+00
26-09-14 09:47:54.989,-1.11E+00
26-09-14 09:47:55.703,-1.09E+00
26-09-14 09:47:56.416,-1.09E+00
26-09-14 09:47:57.131,-1.10E+00
26-09-14 09:47:57.844,-1.12E+00
26-09-14 09:47:58.559,-1.11E+00
26-09-14 09:47:59.274,-1.10E+00
26-09-14 09:47:59.990,-1.09E+00
26-09-14 09:48:00.704,-1.10E+00
26-09-14 09:48:01.418,-1.10E+00
26-09-14 09:48:02.132,-1.07E+00
26-09-14 09:48:02.845,-1.09E+00
26-09-14 09:48:03.560,-1.11E+00
26-09-14 09:48:04.273,-1.10E+00
26-09-14 09:48:04.990,-1.08E+00
26-09-14 09:48:05.703,-1.11E+00
26-09-14 09:48:06.419,-1.10E+00
26-09-14 09:48:07.133,-1.09E+00
26-09-14 09:48:07.846,-1.08E+00
26-09-14 09:48:08.562,-1.10E+00
26-09-14 09:48:09.275,-1.08E+00
26-09-14 09:48:09.990,-1.08E+00
26-09-14 09:48:10.705,-1.10E+00
26-09-14 09:48:11.420,-1.09E+00
26-09-14 09:48:12.134,-1.10E+00
26-09-14 09:48:12.848,-1.09E+00
26-09-14 09:48:13.561,-1.10E+00
26-09-14 09:48:14.276,-1.07E+00
26-09-14 09:48:14.989,-1.07E+00
26-09-14 09:48:15.704,-1.09E+00
26-09-14 09:48:16.419,-1.09E+00
26-09-14 09:48:17.136,-1.10E+00
26-09-14 09:48:17.850,-1.08E+00
26-09-14 09:48:18.563,-1.09E+00
26-09-14 09:48:19.278,-1.08E+00
26-09-14 09:48:19.991,-1.08E+00
26-09-14 09:48:20.706,-1.08E+00
26-09-14 09:48:21.419,-1.05E+00
26-09-14 09:48:22.136,-1.10E+00
26-09-14 09:48:22.851,-1.11E+00
26-09-14 09:48:23.565,-1.09E+00
26-09-14 09:48:24.278,-1.09E+00
26-09-14 09:48:24.993,-1.09E+00
26-09-14 09:48:25.706,-1.10E+00
26-09-14 09:48:26.421,-1.09E+00
26-09-14 09:48:27.134,-1.09E+00
26-09-14 09:48:27.851,-1.08E+00
26-09-14 09:48:28.565,-1.08E+00
26-09-14 09:48:29.280,-1.09E+00
26-09-14 09:48:29.993,-1.08E+00
26-09-14 09:48:30.708,-1.07E+00
26-09-14 09:48:31.421,-1.10E+00
26-09-14 09:48:32.136,-1.08E+00
26-09-14 09:48:32.849,-1.10E+00
26-09-14 09:48:33.566,-1.09E+00
26-09-14 09:48:34.279,-1.09E+00
26-09-14 09:48:34.995,-1.09E+00
26-09-14 09:48:35.709,-1.08E+00
26-09-14 09:48:36.422,-1.07E+00
26-09-14 09:48:37.137,-1.08E+00
26-09-14 09:48:37.850,-1.09E+00
26-09-14 09:48:38.565,-1.09E+00
26-09-14 09:48:39.280,-1.10E+00
26-09-14 09:48:39.996,-1.09E+00
26-09-14 09:48:40.710,-1.09E+00
26-09-14 09:48:41.423,-1.09E+00
26-09-14 09:48:42.138,-1.08E+00
26-09-14 09:48:42.851,-1.05E+00
26-09-14 09:48:43.566,-1.09E+00
26-09-14 09:48:44.279,-1.09E+00
26-09-14 09:48:44.996,-1.06E+00
26-09-14 09:48:45.709,-1.11E+00
26-09-14 09:48:46.425,-1.07E+00
26-09-14 09:48:47.139,-1.09E+00
26-09-14 09:48:47.852,-1.09E+00
26-09-14 09:48:48.567,-1.06E+00
26-09-14 09:48:49.282,-1.08E+00
26-09-14 09:48:49.997,-1.08E+00
26-09-14 09:48:50.710,-1.07E+00
26-09-14 09:48:51.426,-1.07E+00
26-09-14 09:48:52.140,-1.06E+00
26-09-14 09:48:52.853,-1.09E+00
26-09-14 09:48:53.568,-1.08E+00
26-09-14 09:48:54.281,-1.08E+00
26-09-14 09:48:54.996,-1.07E+00
26-09-14 09:48:55.709,-1.04E+00
26-09-14 09:48:56.426,-1.08E+00
26-09-14 09:48:57.139,-1.07E+00
26-09-14 09:48:57.855,-1.08E+00
26-09-14 09:48:58.569,-1.08E+00
26-09-14 09:48:59.282,-1.10E+00
26-09-14 09:48:59.997,-1.09E+00
26-09-14 09:49:00.711,-1.07E+00
26-09-14 09:49:01.426,-1.08E+00
26-09-14 09:49:02.141,-1.07E+00
26-09-14 09:49:02.857,-1.06E+00
26-09-14 09:49:03.571,-1.08E+00
26-09-14 09:49:04.284,-1.06E+00
26-09-14 09:49:04.999,-1.06E+00
26-09-14 09:49:05.712,-1.08E+00
26-09-14 09:49:06.427,-1.08E+00
26-09-14 09:49:07.140,-1.08E+00
26-09-14 09:49:07.857,-1.08E+00
26-09-14 09:49:08.570,-1.06E+00
26-09-14 09:49:09.286,-1.08E+00
26-09-14 09:49:10.000,-1.06E+00
26-09-14 09:49:10.713,-1.05E+00
26-09-14 09:49:11.428,-1.07E+00
26-09-14 09:49:12.141,-1.08E+00
26-09-14 09:49:12.856,-1.07E+00
26-09-14 09:49:13.571,-1.09E+00
26-09-14 09:49:14.287,-1.07E+00
26-09-14 09:49:15.001,-1.07E+00
26-09-14 09:49:15.714,-1.06E+00
26-09-14 09:49:16.429,-1.06E+00
26-09-14 09:49:17.143,-1.07E+00
26-09-14 09:49:17.856,-1.07E+00
26-09-14 09:49:18.571,-1.08E+00
26-09-14 09:49:19.286,-1.07E+00
26-09-14 09:49:20.002,-1.07E+00
26-09-14 09:49:20.716,-1.08E+00
26-09-14 09:49:21.430,-1.07E+00
26-09-14 09:49:22.143,-1.06E+00
26-09-14 09:49:22.858,-1.07E+00
26-09-14 09:49:23.571,-1.06E+00
26-09-14 09:49:24.286,-1.06E+00
26-09-14 09:49:25.001,-1.05E+00
26-09-14 09:49:25.717,-1.09E+00
26-09-14 09:49:26.431,-1.07E+00
26-09-14 09:49:27.144,-1.07E+00
26-09-14 09:49:27.859,-1.05E+00
26-09-14 09:49:28.572,-1.09E+00
26-09-14 09:49:29.287,-1.07E+00
26-09-14 09:49:30.000,-1.05E+00
26-09-14 09:49:30.717,-1.07E+00
26-09-14 09:49:31.430,-1.04E+00
26-09-14 09:49:32.146,-1.07E+00
26-09-14 09:49:32.860,-1.05E+00
26-09-14 09:49:33.573,-1.06E+00
26-09-14 09:49:34.288,-1.06E+00
26-09-14 09:49:35.001,-1.09E+00
26-09-14 09:49:35.716,-1.07E+00
26-09-14 09:49:36.431,-1.05E+00
26-09-14 09:49:37.147,-1.07E+00
26-09-14 09:49:37.861,-1.08E+00
26-09-14 09:49:38.574,-1.04E+00
26-09-14 09:49:39.289,-1.06E+00
26-09-14 09:49:40.002,-1.06E+00
26-09-14 09:49:40.717,-1.07E+00
26-09-14 09:49:41.430,-1.07E+00
26-09-14 09:49:42.147,-1.07E+00
26-09-14 09:49:42.860,-1.08E+00
26-09-14 09:49:43.577,-1.06E+00
26-09-14 09:49:44.291,-1.06E+00
26-09-14 09:49:45.004,-1.04E+00
26-09-14 09:49:45.719,-1.07E+00
26-09-14 09:49:46.432,-1.08E+00
26-09-14 09:49:47.147,-1.07E+00
26-09-14 09:49:47.862,-1.06E+00
26-09-14 09:49:48.578,-1.07E+00
26-09-14 09:49:49.292,-1.05E+00
26-09-14 09:49:50.006,-1.07E+00
26-09-14 09:49:50.719,-1.05E+00
26-09-14 09:49:51.434,-1.03E+00
26-09-14 09:49:52.147,-1.04E+00
26-09-14 09:49:52.862,-1.07E+00
26-09-14 09:49:53.577,-1.05E+00
26-09-14 09:49:54.293,-1.06E+00
26-09-14 09:49:55.007,-1.07E+00
26-09-14 09:49:55.721,-1.08E+00
26-09-14 09:49:56.434,-1.07E+00
26-09-14 09:49:57.150,-1.06E+00
26-09-14 09:49:57.863,-1.05E+00
26-09-14 09:49:58.578,-1.04E+00
26-09-14 09:49:59.293,-1.05E+00
26-09-14 09:50:00.008,-1.06E+00
26-09-14 09:50:00.722,-1.05E+00
26-09-14 09:50:01.435,-1.06E+00
26-09-14 09:50:02.150,-1.07E+00
26-09-14 09:50:02.863,-1.06E+00
26-09-14 09:50:03.578,-1.06E+00
26-09-14 09:50:04.291,-1.04E+00
26-09-14 09:50:05.008,-1.05E+00
26-09-14 09:50:05.721,-1.04E+00
26-09-14 09:50:06.437,-1.05E+00
26-09-14 09:50:07.151,-1.05E+00
26-09-14 09:50:07.864,-1.06E+00
26-09-14 09:50:08.579,-1.06E+00
26-09-14 09:50:09.292,-1.06E+00
26-09-14 09:50:10.007,-1.04E+00
26-09-14 09:50:10.723,-1.06E+00
26-09-14 09:50:11.436,-1.04E+00
26-09-14 09:50:12.152,-1.05E+00
26-09-14 09:50:12.866,-1.05E+00
26-09-14 09:50:13.579,-1.04E+00
26-09-14 09:50:14.294,-1.06E+00
26-09-14 09:50:15.007,-1.06E+00
26-09-14 09:50:15.722,-1.05E+00
26-09-14 09:50:16.437,-1.06E+00
26-09-14 09:50:17.153,-1.04E+00
26-09-14 09:50:17.867,-1.05E+00
26-09-14 09:50:18.581,-1.05E+00
26-09-14 09:50:19.294,-1.03E+00
26-09-14 09:50:20.009,-1.05E+00
26-09-14 09:50:20.722,-1.06E+00
26-09-14 09:50:21.437,-1.06E+00
26-09-14 09:50:22.152,-1.06E+00
26-09-14 09:50:22.868,-1.07E+00
26-09-14 09:50:23.582,-1.06E+00
26-09-14 09:50:24.295,-1.05E+00
26-09-14 09:50:25.010,-1.04E+00
26-09-14 09:50:25.723,-1.03E+00
26-09-14 09:50:26.438,-1.05E+00
26-09-14 09:50:27.152,-1.05E+00
26-09-14 09:50:27.869,-1.05E+00
26-09-14 09:50:28.582,-1.07E+00
26-09-14 09:50:29.298,-1.04E+00
26-09-14 09:50:30.012,-1.05E+00
26-09-14 09:50:30.725,-1.04E+00
26-09-14 09:50:31.440,-1.03E+00
26-09-14 09:50:32.153,-1.03E+00
26-09-14 09:50:32.868,-1.04E+00
26-09-14 09:50:33.583,-1.02E+00
26-09-14 09:50:34.299,-1.04E+00
26-09-14 09:50:35.013,-1.03E+00
26-09-14 09:50:35.726,-1.05E+00
26-09-14 09:50:36.441,-1.05E+00
26-09-14 09:50:37.154,-1.04E+00
26-09-14 09:50:37.870,-1.04E+00
26-09-14 09:50:38.584,-1.04E+00
26-09-14 09:50:39.299,-1.04E+00
26-09-14 09:50:40.014,-1.06E+00
26-09-14 09:50:40.728,-1.04E+00
26-09-14 09:50:41.441,-1.03E+00
26-09-14 09:50:42.156,-1.04E+00
26-09-14 09:50:42.869,-1.06E+00
26-09-14 09:50:43.584,-1.03E+00
26-09-14 09:50:44.297,-1.06E+00
26-09-14 09:50:45.014,-1.03E+00
26-09-14 09:50:45.727,-1.04E+00
26-09-14 09:50:46.443,-1.05E+00
26-09-14 09:50:47.157,-1.03E+00
26-09-14 09:50:47.870,-1.03E+00
26-09-14 09:50:48.585,-1.05E+00
26-09-14 09:50:49.298,-1.05E+00
26-09-14 09:50:50.013,-1.05E+00
26-09-14 09:50:50.728,-1.04E+00
26-09-14 09:50:51.444,-1.05E+00
26-09-14 09:50:52.158,-1.04E+00
26-09-14 09:50:52.872,-1.03E+00
26-09-14 09:50:53.586,-1.02E+00
26-09-14 09:50:54.299,-1.04E+00
26-09-14 09:50:55.014,-1.05E+00
26-09-14 09:50:55.727,-1.05E+00
26-09-14 09:50:56.444,-1.06E+00
26-09-14 09:50:57.157,-1.05E+00
26-09-14 09:50:57.873,-1.03E+00
26-09-14 09:50:58.587,-1.04E+00
26-09-14 09:50:59.300,-1.03E+00
26-09-14 09:51:00.015,-1.01E+00
26-09-14 09:51:00.728,-1.03E+00
26-09-14 09:51:01.443,-1.04E+00
26-09-14 09:51:02.158,-1.03E+00
26-09-14 09:51:02.874,-1.05E+00
26-09-14 09:51:03.588,-1.04E+00
26-09-14 09:51:04.302,-1.03E+00
26-09-14 09:51:05.016,-1.03E+00
26-09-14 09:51:05.729,-1.04E+00
26-09-14 09:51:06.444,-1.01E+00
26-09-14 09:51:07.157,-1.03E+00
26-09-14 09:51:07.874,-1.04E+00
26-09-14 09:51:08.587,-1.04E+00
26-09-14 09:51:09.303,-1.03E+00
26-09-14 09:51:10.017,-1.04E+00
26-09-14 09:51:10.730,-1.04E+00
26-09-14 09:51:11.446,-1.04E+00
26-09-14 09:51:12.159,-1.03E+00
26-09-14 09:51:12.874,-1.04E+00
26-09-14 09:51:13.589,-1.00E+00
26-09-14 09:51:14.305,-1.04E+00
26-09-14 09:51:15.019,-1.02E+00
26-09-14 09:51:15.733,-1.01E+00
26-09-14 09:51:16.446,-1.03E+00
26-09-14 09:51:17.161,-1.04E+00
26-09-14 09:51:17.874,-1.03E+00
26-09-14 09:51:18.589,-1.04E+00
26-09-14 09:51:19.304,-1.03E+00
26-09-14 09:51:20.020,-1.03E+00
26-09-14 09:51:20.734,-1.03E+00
26-09-14 09:51:21.447,-1.01E+00
26-09-14 09:51:22.162,-1.02E+00
26-09-14 09:51:22.875,-1.04E+00
26-09-14 09:51:23.590,-1.04E+00
26-09-14 09:51:24.303,-1.03E+00
26-09-14 09:51:25.020,-1.03E+00
26-09-14 09:51:25.733,-1.02E+00
26-09-14 09:51:26.821,-1.02E+00
26-09-14 09:51:27.539,-1.01E+00
26-09-14 09:51:28.252,-1.02E+00
26-09-14 09:51:28.967,-1.02E+00
26-09-14 09:51:29.680,-1.03E+00
26-09-14 09:51:30.395,-1.04E+00
26-09-14 09:51:31.108,-1.02E+00
26-09-14 09:51:31.823,-1.03E+00
26-09-14 09:51:32.541,-1.01E+00
26-09-14 09:51:33.254,-1.04E+00
26-09-14 09:51:33.969,-1.02E+00
26-09-14 09:51:34.683,-1.02E+00
26-09-14 09:51:35.396,-1.01E+00
26-09-14 09:51:36.111,-1.03E+00
26-09-14 09:51:36.824,-1.02E+00
26-09-14 09:51:37.539,-1.03E+00
26-09-14 09:51:38.257,-1.03E+00
26-09-14 09:51:38.970,-1.03E+00
26-09-14 09:51:39.685,-1.00E+00
26-09-14 09:51:40.398,-1.03E+00
26-09-14 09:51:41.113,-1.02E+00
26-09-14 09:51:41.826,-1.03E+00
26-09-14 09:51:42.541,-1.03E+00
26-09-14 09:51:43.254,-1.03E+00
26-09-14 09:51:43.972,-1.02E+00
26-09-14 09:51:44.686,-1.04E+00
26-09-14 09:51:45.399,-1.03E+00
26-09-14 09:51:46.114,-1.01E+00
26-09-14 09:51:46.827,-1.01E+00
26-09-14 09:51:47.542,-1.02E+00
26-09-14 09:51:48.255,-1.02E+00
26-09-14 09:51:48.970,-1.02E+00
26-09-14 09:51:49.686,-1.03E+00
26-09-14 09:51:50.399,-1.02E+00
26-09-14 09:51:51.114,-1.02E+00
26-09-14 09:51:51.827,-1.00E+00
26-09-14 09:51:52.542,-1.02E+00
26-09-14 09:51:53.255,-1.03E+00
26-09-14 09:51:53.970,-1.02E+00
26-09-14 09:51:54.685,-1.03E+00
26-09-14 09:51:55.403,-1.00E+00
26-09-14 09:51:56.117,-1.03E+00
26-09-14 09:51:56.830,-1.01E+00
26-09-14 09:51:57.545,-1.02E+00
26-09-14 09:51:58.258,-1.01E+00
26-09-14 09:51:58.973,-1.01E+00
26-09-14 09:51:59.686,-1.04E+00
26-09-14 09:52:00.401,-1.02E+00
26-09-14 09:52:01.117,-1.02E+00
26-09-14 09:52:01.831,-1.01E+00
26-09-14 09:52:02.544,-1.01E+00
26-09-14 09:52:03.259,-1.02E+00
26-09-14 09:52:03.972,-9.97E-01
26-09-14 09:52:04.687,-1.02E+00
26-09-14 09:52:05.400,-1.02E+00
26-09-14 09:52:06.115,-1.02E+00
26-09-14 09:52:06.833,-9.95E-01
26-09-14 09:52:07.547,-9.98E-01
26-09-14 09:52:08.260,-1.02E+00
26-09-14 09:52:08.975,-1.02E+00
26-09-14 09:52:09.688,-1.01E+00
26-09-14 09:52:10.403,-1.01E+00
26-09-14 09:52:11.116,-1.02E+00
26-09-14 09:52:11.831,-9.94E-01
26-09-14 09:52:12.547,-1.03E+00
26-09-14 09:52:13.260,-1.01E+00
26-09-14 09:52:13.975,-1.02E+00
26-09-14 09:52:14.688,-1.00E+00
26-09-14 09:52:15.403,-1.02E+00
26-09-14 09:52:16.116,-1.01E+00
26-09-14 09:52:16.832,-1.00E+00
26-09-14 09:52:17.545,-1.01E+00
26-09-14 09:52:18.263,-1.02E+00
26-09-14 09:52:18.977,-1.02E+00
26-09-14 09:52:19.690,-1.02E+00
26-09-14 09:52:20.405,-1.00E+00
26-09-14 09:52:21.118,-1.01E+00
26-09-14 09:52:21.833,-1.00E+00
26-09-14 09:52:22.546,-1.01E+00
26-09-14 09:52:23.261,-1.02E+00
26-09-14 09:52:23.977,-1.02E+00
26-09-14 09:52:24.690,-1.02E+00
26-09-14 09:52:25.405,-1.01E+00
26-09-14 09:52:26.118,-9.97E-01
26-09-14 09:52:26.833,-1.00E+00
26-09-14 09:52:27.546,-9.98E-01
26-09-14 09:52:28.261,-1.00E+00
26-09-14 09:52:28.974,-1.00E+00
26-09-14 09:52:29.693,-1.01E+00
26-09-14 09:52:30.407,-1.00E+00
26-09-14 09:52:31.120,-9.93E-01
26-09-14 09:52:31.835,-1.02E+00
26-09-14 09:52:32.548,-1.01E+00
26-09-14 09:52:33.263,-1.00E+00
26-09-14 09:52:33.976,-1.00E+00
26-09-14 09:52:34.691,-9.81E-01
26-09-14 09:52:35.407,-9.99E-01
26-09-14 09:52:36.120,-1.00E+00
26-09-14 09:52:36.835,-1.00E+00
26-09-14 09:52:37.548,-9.95E-01
26-09-14 09:52:38.263,-1.00E+00
26-09-14 09:52:38.976,-9.99E-01
26-09-14 09:52:39.692,-1.01E+00
26-09-14 09:52:40.407,-1.00E+00
26-09-14 09:52:41.124,-1.01E+00
26-09-14 09:52:41.838,-9.83E-01
26-09-14 09:52:42.551,-1.00E+00
26-09-14 09:52:43.266,-1.01E+00
26-09-14 09:52:43.979,-1.01E+00
26-09-14 09:52:44.694,-1.02E+00
26-09-14 09:52:45.407,-9.94E-01
26-09-14 09:52:46.122,-9.96E-01
26-09-14 09:52:46.838,-1.01E+00
26-09-14 09:52:47.551,-9.89E-01
26-09-14 09:52:48.266,-9.98E-01
26-09-14 09:52:48.979,-1.00E+00
26-09-14 09:52:49.694,-1.00E+00
26-09-14 09:52:50.407,-9.96E-01
26-09-14 09:52:51.122,-9.87E-01
26-09-14 09:52:51.835,-9.94E-01
26-09-14 09:52:52.554,-1.01E+00
26-09-14 09:52:53.268,-1.01E+00
26-09-14 09:52:53.981,-9.94E-01
26-09-14 09:52:54.696,-9.84E-01
26-09-14 09:52:55.410,-1.00E+00
26-09-14 09:52:56.123,-1.01E+00
26-09-14 09:52:56.838,-9.98E-01
26-09-14 09:52:57.551,-9.95E-01
26-09-14 09:52:58.269,-1.01E+00
26-09-14 09:52:58.983,-1.02E+00
26-09-14 09:52:59.696,-9.98E-01
26-09-14 09:53:00.411,-9.88E-01
26-09-14 09:53:01.124,-9.95E-01
26-09-14 09:53:01.839,-9.95E-01
26-09-14 09:53:02.552,-1.01E+00
26-09-14 09:53:03.267,-9.93E-01
26-09-14 09:53:03.983,-1.00E+00
26-09-14 09:53:04.696,-9.85E-01
26-09-14 09:53:05.411,-9.96E-01
26-09-14 09:53:06.124,-9.87E-01
26-09-14 09:53:06.839,-1.00E+00
26-09-14 09:53:07.552,-1.01E+00
26-09-14 09:53:08.267,-1.01E+00
26-09-14 09:53:08.980,-1.01E+00
26-09-14 09:53:09.699,-9.76E-01
26-09-14 09:53:10.413,-9.95E-01
26-09-14 09:53:11.126,-9.98E-01
26-09-14 09:53:11.841,-9.99E-01
26-09-14 09:53:12.554,-9.76E-01
26-09-14 09:53:13.269,-1.00E+00
26-09-14 09:53:13.982,-9.87E-01
26-09-14 09:53:14.697,-9.84E-01
26-09-14 09:53:15.413,-9.73E-01
26-09-14 09:53:16.127,-1.00E+00
26-09-14 09:53:16.840,-9.91E-01
26-09-14 09:53:17.555,-9.89E-01
26-09-14 09:53:18.268,-9.85E-01
26-09-14 09:53:18.983,-9.69E-01
26-09-14 09:53:19.696,-9.82E-01
26-09-14 09:53:20.411,-1.01E+00
26-09-14 09:53:21.129,-9.88E-01
26-09-14 09:53:21.842,-9.90E-01
26-09-14 09:53:22.557,-9.59E-01
26-09-14 09:53:23.271,-9.96E-01
26-09-14 09:53:23.984,-9.86E-01
26-09-14 09:53:24.700,-9.68E-01
26-09-14 09:53:25.413,-9.92E-01
26-09-14 09:53:26.128,-9.82E-01
26-09-14 09:53:26.844,-9.88E-01
26-09-14 09:53:27.558,-9.87E-01
26-09-14 09:53:28.271,-9.89E-01
26-09-14 09:53:28.986,-1.00E+00
26-09-14 09:53:29.699,-9.86E-01
26-09-14 09:53:30.414,-9.88E-01
26-09-14 09:53:31.127,-9.90E-01
26-09-14 09:53:31.843,-9.86E-01
26-09-14 09:53:32.559,-9.86E-01
26-09-14 09:53:33.272,-9.90E-01
26-09-14 09:53:33.987,-9.90E-01
26-09-14 09:53:34.700,-9.93E-01
26-09-14 09:53:35.415,-9.92E-01
26-09-14 09:53:36.128,-1.00E+00
26-09-14 09:53:36.844,-9.84E-01
26-09-14 09:53:37.557,-9.84E-01
26-09-14 09:53:38.275,-9.96E-01
26-09-14 09:53:38.989,-9.83E-01
26-09-14 09:53:39.702,-9.88E-01
26-09-14 09:53:40.417,-9.92E-01
26-09-14 09:53:41.130,-9.87E-01
26-09-14 09:53:41.845,-9.88E-01
26-09-14 09:53:42.558,-9.94E-01
26-09-14 09:53:43.273,-9.81E-01
26-09-14 09:53:43.990,-9.78E-01
26-09-14 09:53:44.704,-9.68E-01
26-09-14 09:53:45.417,-9.80E-01
26-09-14 09:53:46.132,-9.88E-01
26-09-14 09:53:46.845,-9.79E-01
26-09-14 09:53:47.560,-9.82E-01
26-09-14 09:53:48.273,-9.76E-01
26-09-14 09:53:48.988,-9.86E-01
26-09-14 09:53:49.704,-9.58E-01
26-09-14 09:53:50.418,-9.93E-01
26-09-14 09:53:51.131,-9.97E-01
26-09-14 09:53:51.846,-9.79E-01
26-09-14 09:53:52.559,-9.66E-01
26-09-14 09:53:53.274,-9.63E-01
26-09-14 09:53:53.987,-9.62E-01
26-09-14 09:53:54.702,-9.93E-01
26-09-14 09:53:55.420,-9.86E-01
26-09-14 09:53:56.133,-9.77E-01
26-09-14 09:53:56.848,-9.63E-01
26-09-14 09:53:57.561,-9.86E-01
26-09-14 09:53:58.276,-9.74E-01
26-09-14 09:53:58.989,-9.73E-01
26-09-14 09:53:59.704,-9.78E-01
26-09-14 09:54:00.417,-9.54E-01
26-09-14 09:54:01.135,-9.85E-01
26-09-14 09:54:01.849,-9.85E-01
26-09-14 09:54:02.562,-9.77E-01
26-09-14 09:54:03.277,-9.72E-01
26-09-14 09:54:03.990,-9.97E-01
26-09-14 09:54:04.705,-9.79E-01
26-09-14 09:54:05.418,-9.88E-01
26-09-14 09:54:06.133,-9.68E-01
26-09-14 09:54:06.849,-9.79E-01
26-09-14 09:54:07.562,-9.67E-01
26-09-14 09:54:08.277,-9.79E-01
26-09-14 09:54:08.990,-9.75E-01
26-09-14 09:54:09.706,-9.94E-01
26-09-14 09:54:10.420,-9.80E-01
26-09-14 09:54:11.133,-9.82E-01
26-09-14 09:54:11.849,-9.81E-01
26-09-14 09:54:12.565,-9.94E-01
26-09-14 09:54:13.279,-9.75E-01
26-09-14 09:54:13.992,-9.55E-01
26-09-14 09:54:14.707,-9.70E-01
26-09-14 09:54:15.420,-9.69E-01
26-09-14 09:54:16.135,-9.76E-01
26-09-14 09:54:16.848,-9.91E-01
26-09-14 09:54:17.563,-9.72E-01
26-09-14 09:54:18.281,-9.79E-01
26-09-14 09:54:18.994,-9.77E-01
26-09-14 09:54:19.709,-9.72E-01
26-09-14 09:54:20.422,-9.78E-01
26-09-14 09:54:21.137,-9.80E-01
26-09-14 09:54:21.850,-9.62E-01
26-09-14 09:54:22.565,-9.70E-01
26-09-14 09:54:23.278,-9.81E-01
26-09-14 09:54:23.996,-9.61E-01
26-09-14 09:54:24.710,-9.62E-01
26-09-14 09:54:25.423,-9.81E-01
26-09-14 09:54:26.138,-9.58E-01
26-09-14 09:54:26.851,-9.64E-01
26-09-14 09:54:27.566,-9.60E-01
26-09-14 09:54:28.279,-9.61E-01
26-09-14 09:54:28.994,-9.71E-01
26-09-14 09:54:29.710,-9.80E-01
26-09-14 09:54:30.423,-9.62E-01
26-09-14 09:54:31.138,-9.76E-01
26-09-14 09:54:31.851,-9.68E-01
26-09-14 09:54:32.566,-9.81E-01
26-09-14 09:54:33.279,-9.68E-01
26-09-14 09:54:33.994,-9.43E-01
26-09-14 09:54:34.707,-9.55E-01
26-09-14 09:54:35.426,-9.64E-01
26-09-14 09:54:36.140,-9.82E-01
26-09-14 09:54:36.853,-9.65E-01
26-09-14 09:54:37.568,-9.58E-01
26-09-14 09:54:38.281,-9.71E-01
26-09-14 09:54:38.996,-9.49E-01
26-09-14 09:54:39.709,-9.73E-01
26-09-14 09:54:40.424,-9.59E-01
26-09-14 09:54:41.140,-9.57E-01
26-09-14 09:54:41.853,-9.63E-01
26-09-14 09:54:42.568,-9.69E-01
26-09-14 09:54:43.281,-9.56E-01
26-09-14 09:54:43.996,-9.67E-01
26-09-14 09:54:44.710,-9.48E-01
26-09-14 09:54:45.423,-9.64E-01
26-09-14 09:54:46.138,-9.58E-01
26-09-14 09:54:46.856,-9.40E-01
26-09-14 09:54:47.570,-9.59E-01
26-09-14 09:54:48.283,-9.59E-01
26-09-14 09:54:48.998,-9.85E-01
26-09-14 09:54:49.711,-9.57E-01
26-09-14 09:54:50.426,-9.47E-01
26-09-14 09:54:51.139,-9.74E-01
26-09-14 09:54:51.854,-9.59E-01
26-09-14 09:54:52.570,-9.42E-01
26-09-14 09:54:53.283,-9.68E-01
26-09-14 09:54:53.998,-9.55E-01
26-09-14 09:54:54.711,-9.43E-01
26-09-14 09:54:55.427,-9.44E-01
26-09-14 09:54:56.140,-9.42E-01
26-09-14 09:54:56.856,-9.54E-01
26-09-14 09:54:57.569,-9.61E-01
26-09-14 09:54:58.287,-9.52E-01
26-09-14 09:54:59.001,-9.34E-01
26-09-14 09:54:59.714,-9.68E-01
26-09-14 09:55:00.429,-9.54E-01
26-09-14 09:55:01.142,-9.66E-01
26-09-14 09:55:01.857,-9.57E-01
26-09-14 09:55:02.570,-9.28E-01
26-09-14 09:55:03.285,-9.49E-01
26-09-14 09:55:04.001,-9.56E-01
26-09-14 09:55:04.715,-9.32E-01
26-09-14 09:55:05.428,-9.77E-01
26-09-14 09:55:06.143,-9.57E-01
26-09-14 09:55:06.856,-9.63E-01
26-09-14 09:55:07.571,-9.41E-01
26-09-14 09:55:08.284,-9.28E-01
26-09-14 09:55:08.999,-9.38E-01
26-09-14 09:55:09.717,-9.47E-01
26-09-14 09:55:10.431,-9.59E-01
26-09-14 09:55:11.145,-9.67E-01
26-09-14 09:55:11.858,-9.47E-01
26-09-14 09:55:12.573,-9.64E-01
26-09-14 09:55:13.286,-9.56E-01
26-09-14 09:55:14.001,-9.54E-01
26-09-14 09:55:14.714,-9.52E-01
26-09-14 09:55:15.432,-9.54E-01
26-09-14 09:55:16.146,-9.47E-01
26-09-14 09:55:16.859,-9.55E-01
26-09-14 09:55:17.574,-9.65E-01
26-09-14 09:55:18.287,-9.56E-01
26-09-14 09:55:19.002,-9.64E-01
26-09-14 09:55:19.715,-9.59E-01
26-09-14 09:55:20.430,-9.52E-01
26-09-14 09:55:21.146,-9.53E-01
26-09-14 09:55:21.859,-9.44E-01
26-09-14 09:55:22.574,-9.42E-01
26-09-14 09:55:23.287,-9.34E-01
26-09-14 09:55:24.002,-9.57E-01
26-09-14 09:55:24.715,-9.56E-01
26-09-14 09:55:25.430,-9.49E-01
26-09-14 09:55:26.143,-9.63E-01
26-09-14 09:55:26.862,-9.46E-01
26-09-14 09:55:27.576,-9.49E-01
26-09-14 09:55:28.289,-9.54E-01
26-09-14 09:55:29.004,-9.52E-01
26-09-14 09:55:29.717,-9.37E-01
26-09-14 09:55:30.432,-9.51E-01
26-09-14 09:55:31.145,-9.49E-01
26-09-14 09:55:31.860,-9.36E-01
26-09-14 09:55:32.577,-9.33E-01
26-09-14 09:55:33.291,-9.30E-01
26-09-14 09:55:34.004,-9.58E-01
26-09-14 09:55:34.719,-9.37E-01
26-09-14 09:55:35.432,-9.58E-01
26-09-14 09:55:36.147,-9.28E-01
26-09-14 09:55:36.860,-9.45E-01
26-09-14 09:55:37.575,-9.56E-01
26-09-14 09:55:38.291,-9.52E-01
26-09-14 09:55:39.005,-9.30E-01
26-09-14 09:55:39.718,-9.54E-01
26-09-14 09:55:40.433,-9.54E-01
26-09-14 09:55:41.147,-9.52E-01
26-09-14 09:55:41.862,-9.44E-01
26-09-14 09:55:42.575,-9.25E-01
26-09-14 09:55:43.290,-9.29E-01
26-09-14 09:55:44.008,-9.48E-01
26-09-14 09:55:44.722,-9.58E-01
26-09-14 09:55:45.435,-9.47E-01
26-09-14 09:55:46.150,-9.38E-01
26-09-14 09:55:46.863,-9.63E-01
26-09-14 09:55:47.578,-9.45E-01
26-09-14 09:55:48.291,-9.45E-01
26-09-14 09:55:49.006,-9.40E-01
26-09-14 09:55:49.722,-9.33E-01
26-09-14 09:55:50.435,-9.36E-01
26-09-14 09:55:51.150,-9.53E-01
26-09-14 09:55:51.863,-9.30E-01
26-09-14 09:55:52.578,-9.55E-01
26-09-14 09:55:53.291,-9.47E-01
26-09-14 09:55:54.006,-9.49E-01
26-09-14 09:55:54.719,-9.48E-01
26-09-14 09:55:55.438,-9.36E-01
26-09-14 09:55:56.152,-9.36E-01
26-09-14 09:55:56.865,-9.49E-01
26-09-14 09:55:57.580,-9.49E-01
26-09-14 09:55:58.293,-9.21E-01
26-09-14 09:55:59.008,-9.29E-01
26-09-14 09:55:59.721,-9.48E-01
26-09-14 09:56:00.436,-9.54E-01
26-09-14 09:56:01.152,-9.56E-01
26-09-14 09:56:01.865,-9.46E-01
26-09-14 09:56:02.580,-9.51E-01
26-09-14 09:56:03.293,-9.29E-01
26-09-14 09:56:04.008,-9.11E-01
26-09-14 09:56:04.721,-9.25E-01
26-09-14 09:56:05.436,-9.58E-01
26-09-14 09:56:06.149,-9.64E-01
26-09-14 09:56:06.868,-9.36E-01
26-09-14 09:56:07.582,-9.29E-01
26-09-14 09:56:08.295,-9.47E-01
26-09-14 09:56:09.010,-9.31E-01
26-09-14 09:56:10.101,-9.14E-01
26-09-14 09:56:10.815,-9.36E-01
26-09-14 09:56:11.492,-9.56E-01
26-09-14 09:56:12.168,-9.39E-01
26-09-14 09:56:12.843,-9.31E-01
26-09-14 09:56:13.520,-9.61E-01
26-09-14 09:56:14.195,-9.22E-01
26-09-14 09:56:14.871,-9.58E-01
26-09-14 09:56:15.556,-9.41E-01
26-09-14 09:56:16.233,-9.40E-01
26-09-14 09:56:16.909,-9.39E-01
26-09-14 09:56:17.584,-9.58E-01
26-09-14 09:56:18.261,-9.36E-01
26-09-14 09:56:18.936,-9.35E-01
26-09-14 09:56:19.613,-9.48E-01
26-09-14 09:56:20.288,-9.37E-01
26-09-14 09:56:20.965,-9.20E-01
26-09-14 09:56:21.644,-9.30E-01
26-09-14 09:56:22.318,-9.42E-01
26-09-14 09:56:22.994,-9.44E-01
26-09-14 09:56:23.678,-9.29E-01
26-09-14 09:56:24.353,-9.30E-01
26-09-14 09:56:25.029,-9.21E-01
26-09-14 09:56:25.704,-9.16E-01
26-09-14 09:56:26.380,-9.44E-01
26-09-14 09:56:27.056,-9.29E-01
26-09-14 09:56:27.736,-9.60E-01
26-09-14 09:56:28.412,-9.24E-01
26-09-14 09:56:29.088,-9.46E-01
26-09-14 09:56:29.764,-9.24E-01
26-09-14 09:56:30.440,-9.36E-01
26-09-14 09:56:31.116,-9.44E-01
26-09-14 09:56:31.800,-9.29E-01
26-09-14 09:56:32.473,-9.33E-01
26-09-14 09:56:33.147,-9.41E-01
26-09-14 09:56:33.826,-9.28E-01
26-09-14 09:56:34.500,-9.46E-01
26-09-14 09:56:35.175,-9.29E-01
26-09-14 09:56:35.850,-9.16E-01
26-09-14 09:56:36.526,-9.37E-01
26-09-14 09:56:37.201,-9.31E-01
26-09-14 09:56:37.876,-9.31E-01
26-09-14 09:56:38.550,-9.24E-01
26-09-14 09:56:39.226,-9.33E-01
26-09-14 09:56:39.913,-9.10E-01
26-09-14 09:56:40.589,-9.41E-01
26-09-14 09:56:41.262,-9.12E-01
26-09-14 09:56:41.936,-9.25E-01
26-09-14 09:56:42.611,-9.38E-01
26-09-14 09:56:43.286,-9.19E-01
26-09-14 09:56:43.962,-9.31E-01
26-09-14 09:56:44.637,-9.25E-01
26-09-14 09:56:45.313,-9.40E-01
26-09-14 09:56:45.990,-9.26E-01
26-09-14 09:56:46.666,-9.24E-01
26-09-14 09:56:47.341,-9.31E-01
26-09-14 09:56:48.024,-9.26E-01
26-09-14 09:56:48.700,-9.18E-01
26-09-14 09:56:49.376,-9.18E-01
26-09-14 09:56:50.052,-9.39E-01
26-09-14 09:56:50.728,-9.06E-01
26-09-14 09:56:51.408,-9.31E-01
26-09-14 09:56:52.083,-9.20E-01
26-09-14 09:56:52.759,-9.15E-01
26-09-14 09:56:53.433,-9.23E-01
26-09-14 09:56:54.109,-9.33E-01
26-09-14 09:56:54.784,-9.22E-01
26-09-14 09:56:55.460,-9.01E-01
26-09-14 09:56:56.135,-9.27E-01
26-09-14 09:56:56.820,-9.25E-01
26-09-14 09:56:57.501,-9.07E-01
26-09-14 09:56:58.176,-9.05E-01
26-09-14 09:56:58.852,-9.04E-01
26-09-14 09:56:59.527,-9.14E-01
26-09-14 09:57:00.203,-9.26E-01
26-09-14 09:57:00.878,-9.09E-01
26-09-14 09:57:01.554,-9.16E-01
26-09-14 09:57:02.229,-9.04E-01
26-09-14 09:57:02.906,-9.16E-01
26-09-14 09:57:03.586,-9.18E-01
26-09-14 09:57:04.262,-9.20E-01
26-09-14 09:57:04.947,-9.35E-01
26-09-14 09:57:05.623,-9.03E-01
26-09-14 09:57:06.299,-9.09E-01
26-09-14 09:57:06.975,-9.12E-01
26-09-14 09:57:07.651,-9.14E-01
26-09-14 09:57:08.327,-9.22E-01
26-09-14 09:57:09.003,-9.23E-01
26-09-14 09:57:09.679,-9.12E-01
26-09-14 09:57:10.354,-9.25E-01
26-09-14 09:57:11.029,-9.32E-01
26-09-14 09:57:11.705,-9.18E-01
26-09-14 09:57:12.380,-9.30E-01
26-09-14 09:57:13.066,-9.10E-01
26-09-14 09:57:13.742,-9.19E-01
26-09-14 09:57:14.418,-9.31E-01
26-09-14 09:57:15.098,-9.14E-01
26-09-14 09:57:15.773,-9.12E-01
26-09-14 09:57:16.449,-8.93E-01
26-09-14 09:57:17.124,-9.18E-01
26-09-14 09:57:17.800,-9.19E-01
26-09-14 09:57:18.475,-9.03E-01
26-09-14 09:57:19.151,-9.06E-01
26-09-14 09:57:19.826,-9.19E-01
26-09-14 09:57:20.502,-8.95E-01
26-09-14 09:57:21.190,-9.10E-01
26-09-14 09:57:21.866,-9.07E-01
26-09-14 09:57:22.541,-9.12E-01
26-09-14 09:57:23.217,-8.93E-01
26-09-14 09:57:23.892,-8.98E-01
26-09-14 09:57:24.568,-9.15E-01
26-09-14 09:57:25.243,-9.19E-01
26-09-14 09:57:25.919,-9.13E-01
26-09-14 09:57:26.594,-9.13E-01
26-09-14 09:57:27.275,-9.19E-01
26-09-14 09:57:27.951,-9.30E-01
26-09-14 09:57:28.627,-8.91E-01
26-09-14 09:57:29.311,-9.09E-01
26-09-14 09:57:29.987,-8.96E-01
26-09-14 09:57:30.662,-9.13E-01
26-09-14 09:57:31.338,-9.04E-01
26-09-14 09:57:32.013,-9.13E-01
26-09-14 09:57:32.690,-9.00E-01
26-09-14 09:57:33.365,-9.32E-01
26-09-14 09:57:34.040,-9.04E-01
26-09-14 09:57:34.715,-9.10E-01
26-09-14 09:57:35.392,-9.17E-01
26-09-14 09:57:36.067,-9.01E-01
26-09-14 09:57:36.744,-9.18E-01
26-09-14 09:57:37.419,4.35E+00
26-09-14 09:57:38.104,2.51E+00
26-09-14 09:57:38.784,2.36E+00
26-09-14 09:57:39.460,2.36E+00
26-09-14 09:57:40.135,2.39E+00
26-09-14 09:57:40.810,2.29E+00
26-09-14 09:57:41.485,2.28E+00
26-09-14 09:57:42.160,1.40E+00
26-09-14 09:57:42.835,9.64E-01
26-09-14 09:57:43.511,9.35E-01
26-09-14 09:57:44.186,9.49E-01
26-09-14 09:57:44.865,9.37E-01
26-09-14 09:57:45.539,1.16E+00
26-09-14 09:57:46.222,9.34E-01
26-09-14 09:57:46.898,9.43E-01
26-09-14 09:57:47.573,7.36E-01
26-09-14 09:57:48.249,7.53E-01
26-09-14 09:57:48.924,7.45E-01
26-09-14 09:57:49.599,7.42E-01
26-09-14 09:57:50.274,7.36E-01
26-09-14 09:57:50.954,7.46E-01
26-09-14 09:57:51.630,7.43E-01
26-09-14 09:57:52.304,7.41E-01
26-09-14 09:57:52.980,7.47E-01
26-09-14 09:57:53.655,7.43E-01
26-09-14 09:57:54.339,7.66E-01
26-09-14 09:57:55.015,7.69E-01
26-09-14 09:57:55.691,7.47E-01
26-09-14 09:57:56.367,7.38E-01
26-09-14 09:57:57.048,7.60E-01
26-09-14 09:57:57.724,7.44E-01
26-09-14 09:57:58.400,7.48E-01
26-09-14 09:57:59.077,7.44E-01
26-09-14 09:57:59.753,7.54E-01
26-09-14 09:58:00.429,7.46E-01
26-09-14 09:58:01.105,7.51E-01
26-09-14 09:58:01.781,7.49E-01
26-09-14 09:58:02.470,7.42E-01
26-09-14 09:58:03.145,7.46E-01
26-09-14 09:58:03.821,7.49E-01
26-09-14 09:58:04.496,7.48E-01
26-09-14 09:58:05.172,7.52E-01
26-09-14 09:58:05.847,7.62E-01
26-09-14 09:58:06.524,7.63E-01
26-09-14 09:58:07.199,7.52E-01
26-09-14 09:58:07.875,7.44E-01
26-09-14 09:58:08.555,7.37E-01
26-09-14 09:58:09.231,7.48E-01
26-09-14 09:58:09.907,7.54E-01
26-09-14 09:58:10.589,7.45E-01
26-09-14 09:58:11.265,7.42E-01
26-09-14 09:58:11.941,7.55E-01
26-09-14 09:58:12.617,7.37E-01
26-09-14 09:58:13.293,7.42E-01
26-09-14 09:58:13.969,7.45E-01
26-09-14 09:58:14.647,7.50E-01
26-09-14 09:58:15.323,7.43E-01
26-09-14 09:58:15.998,7.55E-01
26-09-14 09:58:16.674,7.49E-01
26-09-14 09:58:17.349,7.45E-01
26-09-14 09:58:18.025,7.48E-01
26-09-14 09:58:18.700,7.47E-01
26-09-14 09:58:19.379,7.50E-01
26-09-14 09:58:20.055,7.47E-01
26-09-14 09:58:20.734,7.46E-01
26-09-14 09:58:21.410,7.35E-01
26-09-14 09:58:22.085,7.55E-01
26-09-14 09:58:22.762,7.47E-01
26-09-14 09:58:23.437,7.40E-01
26-09-14 09:58:24.113,7.46E-01
26-09-14 09:58:24.789,7.57E-01
26-09-14 09:58:25.464,7.50E-01
26-09-14 09:58:26.139,7.45E-01
26-09-14 09:58:26.817,7.60E-01
26-09-14 09:58:27.502,7.53E-01
26-09-14 09:58:28.177,7.65E-01
26-09-14 09:58:28.853,7.51E-01
26-09-14 09:58:29.528,8.03E-01
26-09-14 09:58:30.204,7.72E-01
26-09-14 09:58:30.879,7.71E-01
26-09-14 09:58:31.555,7.64E-01
26-09-14 09:58:32.235,7.72E-01
26-09-14 09:58:32.908,7.73E-01
26-09-14 09:58:33.583,7.39E-01
26-09-14 09:58:34.258,7.47E-01
26-09-14 09:58:34.934,7.48E-01
26-09-14 09:58:35.619,8.12E-01
26-09-14 09:58:36.294,7.57E-01
26-09-14 09:58:36.970,7.49E-01
26-09-14 09:58:37.645,7.40E-01
26-09-14 09:58:38.325,7.84E-01
26-09-14 09:58:39.001,7.64E-01
26-09-14 09:58:39.677,7.49E-01
26-09-14 09:58:40.353,7.47E-01
26-09-14 09:58:41.029,7.51E-01
26-09-14 09:58:41.705,7.56E-01
26-09-14 09:58:42.381,7.46E-01
26-09-14 09:58:43.057,7.50E-01
26-09-14 09:58:43.741,7.53E-01
26-09-14 09:58:44.419,7.45E-01
26-09-14 09:58:45.094,7.48E-01
26-09-14 09:58:45.770,7.50E-01
26-09-14 09:58:46.446,7.55E-01
26-09-14 09:58:47.121,7.94E-01
26-09-14 09:58:47.796,7.56E-01
26-09-14 09:58:48.472,7.57E-01
26-09-14 09:58:49.147,7.64E-01
26-09-14 09:58:49.823,7.55E-01
26-09-14 09:58:50.503,7.46E-01
26-09-14 09:58:51.178,7.53E-01
26-09-14 09:58:51.859,7.55E-01
26-09-14 09:58:52.534,7.45E-01
26-09-14 09:58:53.210,7.46E-01
26-09-14 09:58:53.885,7.53E-01
26-09-14 09:58:54.561,7.68E-01
26-09-14 09:58:55.236,7.50E-01
26-09-14 09:58:55.912,7.65E-01
26-09-14 09:58:56.589,7.50E-01
26-09-14 09:58:57.265,7.46E-01
26-09-14 09:58:57.940,7.46E-01
26-09-14 09:58:58.615,7.60E-01
26-09-14 09:58:59.290,7.87E-01
26-09-14 09:58:59.967,7.53E-01
26-09-14 09:59:00.642,7.46E-01
26-09-14 09:59:01.319,7.42E-01
26-09-14 09:59:01.998,7.64E-01
26-09-14 09:59:02.672,7.46E-01
26-09-14 09:59:03.348,7.46E-01
26-09-14 09:59:04.023,7.55E-01
26-09-14 09:59:04.699,7.51E-01
26-09-14 09:59:05.374,7.49E-01
26-09-14 09:59:06.050,7.57E-01
26-09-14 09:59:06.725,7.54E-01
26-09-14 09:59:07.402,8.05E-01
26-09-14 09:59:08.082,7.51E-01
26-09-14 09:59:08.767,7.53E-01
26-09-14 09:59:09.442,7.48E-01
26-09-14 09:59:10.118,7.57E-01
26-09-14 09:59:10.793,7.52E-01
26-09-14 09:59:11.469,7.55E-01
26-09-14 09:59:12.144,7.61E-01
26-09-14 09:59:12.821,7.62E-01
26-09-14 09:59:13.496,7.46E-01
26-09-14 09:59:14.176,8.00E-01
26-09-14 09:59:14.851,7.53E-01
26-09-14 09:59:15.528,7.46E-01
26-09-14 09:59:16.203,8.13E-01
26-09-14 09:59:16.889,7.97E-01
26-09-14 09:59:17.565,7.63E-01
26-09-14 09:59:18.241,7.49E-01
26-09-14 09:59:18.917,7.56E-01
26-09-14 09:59:19.593,7.50E-01
26-09-14 09:59:20.274,7.48E-01
26-09-14 09:59:20.949,7.50E-01
26-09-14 09:59:21.625,7.60E-01
26-09-14 09:59:22.301,7.47E-01
26-09-14 09:59:22.977,7.53E-01
26-09-14 09:59:23.653,7.45E-01
26-09-14 09:59:24.329,7.45E-01
26-09-14 09:59:25.014,7.60E-01
26-09-14 09:59:25.693,7.51E-01
26-09-14 09:59:26.368,7.51E-01
26-09-14 09:59:27.043,7.57E-01
26-09-14 09:59:27.718,7.49E-01
26-09-14 09:59:28.395,7.52E-01
26-09-14 09:59:29.070,7.53E-01
26-09-14 09:59:29.746,7.56E-01
26-09-14 09:59:30.419,7.56E-01
26-09-14 09:59:31.095,7.56E-01
26-09-14 09:59:31.775,7.58E-01
26-09-14 09:59:32.451,7.47E-01
26-09-14 09:59:33.134,7.59E-01
26-09-14 09:59:33.810,7.59E-01
26-09-14 09:59:34.486,7.45E-01
26-09-14 09:59:35.162,7.50E-01
26-09-14 09:59:35.838,7.57E-01
26-09-14 09:59:36.514,7.47E-01
26-09-14 09:59:37.190,7.58E-01
26-09-14 09:59:37.870,7.66E-01
26-09-14 09:59:38.546,7.48E-01
26-09-14 09:59:39.220,7.56E-01
26-09-14 09:59:39.895,8.02E-01
26-09-14 09:59:40.571,7.47E-01
26-09-14 09:59:41.254,7.98E-01
26-09-14 09:59:41.930,7.93E-01
26-09-14 09:59:42.606,7.56E-01
26-09-14 09:59:43.282,7.51E-01
26-09-14 09:59:43.963,7.69E-01
26-09-14 09:59:44.639,7.48E-01
26-09-14 09:59:45.315,7.64E-01
26-09-14 09:59:45.991,7.73E-01
26-09-14 09:59:46.667,7.56E-01
26-09-14 09:59:47.343,7.50E-01
26-09-14 09:59:48.019,7.67E-01
26-09-14 09:59:48.695,7.56E-01
26-09-14 09:59:49.371,7.57E-01
26-09-14 09:59:50.056,7.67E-01
26-09-14 09:59:50.731,7.58E-01
26-09-14 09:59:51.406,7.54E-01
26-09-14 09:59:52.081,7.59E-01
26-09-14 09:59:52.756,7.63E-01
26-09-14 09:59:53.431,7.49E-01
26-09-14 09:59:54.107,7.62E-01
26-09-14 09:59:54.782,7.58E-01
26-09-14 09:59:55.460,7.64E-01
26-09-14 09:59:56.135,7.59E-01
26-09-14 09:59:56.811,7.66E-01
26-09-14 09:59:57.486,7.60E-01
26-09-14 09:59:58.209,7.63E-01
26-09-14 09:59:58.884,7.60E-01
26-09-14 09:59:59.560,7.58E-01
26-09-14 10:00:00.235,7.52E-01
26-09-14 10:00:00.916,7.59E-01
26-09-14 10:00:01.591,7.57E-01
26-09-14 10:00:02.267,7.70E-01
26-09-14 10:00:02.943,7.66E-01
26-09-14 10:00:03.618,7.63E-01
26-09-14 10:00:04.292,7.67E-01
26-09-14 10:00:04.967,7.64E-01
26-09-14 10:00:05.642,7.64E-01
26-09-14 10:00:06.326,7.49E-01
26-09-14 10:00:07.005,7.68E-01
26-09-14 10:00:07.681,8.38E-01
26-09-14 10:00:08.356,7.65E-01
26-09-14 10:00:09.032,7.56E-01
26-09-14 10:00:09.707,7.56E-01
26-09-14 10:00:10.383,7.59E-01
26-09-14 10:00:11.058,7.65E-01
26-09-14 10:00:11.734,7.73E-01
26-09-14 10:00:12.409,7.56E-01
26-09-14 10:00:13.087,7.65E-01
26-09-14 10:00:13.763,7.67E-01
26-09-14 10:00:14.445,7.56E-01
26-09-14 10:00:15.121,7.63E-01
26-09-14 10:00:15.797,7.61E-01
26-09-14 10:00:16.473,7.55E-01
26-09-14 10:00:17.149,7.62E-01
26-09-14 10:00:17.825,7.65E-01
26-09-14 10:00:18.505,7.55E-01
26-09-14 10:00:19.182,7.63E-01
26-09-14 10:00:19.858,7.65E-01
26-09-14 10:00:20.533,7.64E-01
26-09-14 10:00:21.209,7.55E-01
26-09-14 10:00:21.884,7.58E-01
26-09-14 10:00:22.567,7.52E-01
26-09-14 10:00:23.243,7.66E-01
26-09-14 10:00:23.919,7.57E-01
26-09-14 10:00:24.599,7.54E-01
26-09-14 10:00:25.274,7.56E-01
26-09-14 10:00:25.950,7.63E-01
26-09-14 10:00:26.625,7.54E-01
26-09-14 10:00:27.301,7.55E-01
26-09-14 10:00:27.976,7.79E-01
26-09-14 10:00:28.652,7.69E-01
26-09-14 10:00:29.327,7.57E-01
26-09-14 10:00:30.003,7.61E-01
26-09-14 10:00:30.683,7.61E-01
26-09-14 10:00:31.368,7.52E-01
26-09-14 10:00:32.043,7.69E-01
26-09-14 10:00:32.719,7.69E-01
26-09-14 10:00:33.394,7.56E-01
26-09-14 10:00:34.070,7.63E-01
26-09-14 10:00:34.745,7.59E-01
26-09-14 10:00:35.421,7.54E-01
26-09-14 10:00:36.096,7.57E-01
26-09-14 10:00:36.774,7.61E-01
26-09-14 10:00:37.450,7.71E-01
26-09-14 10:00:38.552,7.57E-01
26-09-14 10:00:39.228,7.53E-01
26-09-14 10:00:39.914,7.60E-01
26-09-14 10:00:40.589,7.55E-01
26-09-14 10:00:41.266,7.56E-01
26-09-14 10:00:41.941,7.71E-01
26-09-14 10:00:42.617,7.52E-01
26-09-14 10:00:43.292,7.66E-01
26-09-14 10:00:43.968,7.64E-01
26-09-14 10:00:44.645,7.53E-01
26-09-14 10:00:45.321,7.65E-01
26-09-14 10:00:45.996,7.70E-01
26-09-14 10:00:46.672,7.57E-01
26-09-14 10:00:47.347,7.55E-01
26-09-14 10:00:48.032,7.58E-01
26-09-14 10:00:48.708,7.68E-01
26-09-14 10:00:49.384,7.54E-01
26-09-14 10:00:50.064,7.61E-01
26-09-14 10:00:50.739,7.68E-01
26-09-14 10:00:51.415,7.62E-01
26-09-14 10:00:52.089,7.64E-01
26-09-14 10:00:52.766,7.65E-01
26-09-14 10:00:53.441,7.64E-01
26-09-14 10:00:54.117,7.66E-01
26-09-14 10:00:54.792,7.59E-01
26-09-14 10:00:55.468,7.56E-01
26-09-14 10:00:56.156,7.70E-01
26-09-14 10:00:56.831,7.64E-01
26-09-14 10:00:57.506,7.61E-01
26-09-14 10:00:58.182,7.62E-01
26-09-14 10:00:58.857,7.79E-01
26-09-14 10:00:59.532,7.58E-01
26-09-14 10:01:00.207,7.54E-01
26-09-14 10:01:00.881,7.82E-01
26-09-14 10:01:01.554,7.60E-01
26-09-14 10:01:02.234,7.56E-01
26-09-14 10:01:02.910,7.65E-01
26-09-14 10:01:03.585,7.58E-01
26-09-14 10:01:04.267,7.66E-01
26-09-14 10:01:04.941,7.62E-01
26-09-14 10:01:05.616,7.60E-01
26-09-14 10:01:06.291,7.63E-01
26-09-14 10:01:06.967,7.67E-01
26-09-14 10:01:07.643,8.90E-01
26-09-14 10:01:08.319,8.42E-01
26-09-14 10:01:08.994,7.92E-01
26-09-14 10:01:09.669,7.72E-01
26-09-14 10:01:10.345,7.55E-01
26-09-14 10:01:11.020,7.58E-01
26-09-14 10:01:11.696,7.75E-01
26-09-14 10:01:12.371,7.55E-01
26-09-14 10:01:13.051,7.68E-01
26-09-14 10:01:13.727,8.30E-01
26-09-14 10:01:14.404,8.53E-01
26-09-14 10:01:15.081,8.30E-01
26-09-14 10:01:15.756,8.36E-01
26-09-14 10:01:16.432,8.14E-01
26-09-14 10:01:17.107,8.17E-01
26-09-14 10:01:17.784,8.76E-01
26-09-14 10:01:18.459,8.30E-01
26-09-14 10:01:19.135,8.39E-01
26-09-14 10:01:19.814,8.36E-01
26-09-14 10:01:20.488,8.20E-01
26-09-14 10:01:21.173,7.64E-01
26-09-14 10:01:21.848,7.70E-01
26-09-14 10:01:22.525,7.65E-01
26-09-14 10:01:23.200,7.71E-01
26-09-14 10:01:23.877,7.72E-01
26-09-14 10:01:24.552,7.44E-01
26-09-14 10:01:25.228,6.75E-01
26-09-14 10:01:25.909,6.18E-01
26-09-14 10:01:26.584,6.20E-01
26-09-14 10:01:27.259,6.37E-01
26-09-14 10:01:27.935,6.33E-01
26-09-14 10:01:28.610,6.38E-01
26-09-14 10:01:29.295,6.40E-01
26-09-14 10:01:29.971,6.37E-01
26-09-14 10:01:30.647,2.24E-01
26-09-14 10:01:31.323,2.51E-02
26-09-14 10:01:32.002,6.26E-02
26-09-14 10:01:32.678,3.64E-02
26-09-14 10:01:33.353,2.15E-02
26-09-14 10:01:34.029,2.40E-02
26-09-14 10:01:34.704,2.18E-02
26-09-14 10:01:35.380,2.28E-02
26-09-14 10:01:36.055,2.37E-02
26-09-14 10:01:36.731,2.31E-02
26-09-14 10:01:37.414,2.39E-02
26-09-14 10:01:38.091,2.52E-02
26-09-14 10:01:38.767,2.60E-02
26-09-14 10:01:39.442,2.46E-02
26-09-14 10:01:40.119,2.47E-02
26-09-14 10:01:40.794,2.51E-02
26-09-14 10:01:41.470,2.51E-02
26-09-14 10:01:42.146,2.32E-02
26-09-14 10:01:42.821,2.42E-02
26-09-14 10:01:43.500,2.19E-02
26-09-14 10:01:44.175,2.19E-02
26-09-14 10:01:44.849,2.04E-02
26-09-14 10:01:45.532,2.12E-02
26-09-14 10:01:46.208,9.02E-02
26-09-14 10:01:46.884,2.32E-02
26-09-14 10:01:47.560,2.16E-02
26-09-14 10:01:48.236,2.08E-02
26-09-14 10:01:48.912,2.40E-02
26-09-14 10:01:49.592,2.24E-02
26-09-14 10:01:50.267,2.21E-02
26-09-14 10:01:50.942,2.18E-02
26-09-14 10:01:51.619,2.21E-02
26-09-14 10:01:52.294,2.56E-02
26-09-14 10:01:52.970,2.33E-02
26-09-14 10:01:53.648,2.27E-02
26-09-14 10:01:54.325,2.20E-02
26-09-14 10:01:55.001,2.36E-02
26-09-14 10:01:55.679,2.24E-02
26-09-14 10:01:56.355,2.19E-02
26-09-14 10:01:57.030,2.27E-02
26-09-14 10:01:57.706,2.02E-02
26-09-14 10:01:58.381,2.25E-02
26-09-14 10:01:59.058,2.37E-02
26-09-14 10:01:59.733,2.57E-02
26-09-14 10:02:00.410,2.95E-02
26-09-14 10:02:01.085,2.24E-02
26-09-14 10:02:01.765,2.33E-02
26-09-14 10:02:02.449,2.28E-02
26-09-14 10:02:03.124,2.42E-02
26-09-14 10:02:03.800,2.18E-02
26-09-14 10:02:04.475,2.35E-02
26-09-14 10:02:05.151,2.14E-02
26-09-14 10:02:05.826,2.31E-02
26-09-14 10:02:06.501,2.05E-02
26-09-14 10:02:07.176,2.39E-02
26-09-14 10:02:07.851,2.10E-02
26-09-14 10:02:08.527,2.22E-02
26-09-14 10:02:09.202,2.44E-02
26-09-14 10:02:09.877,2.45E-02
26-09-14 10:02:10.560,2.15E-02
26-09-14 10:02:11.235,2.71E-02
26-09-14 10:02:11.911,2.07E-02
26-09-14 10:02:12.586,2.19E-02
26-09-14 10:02:13.266,8.40E-02
26-09-14 10:02:13.940,2.11E-02
26-09-14 10:02:14.616,2.04E-02
26-09-14 10:02:15.291,2.15E-02
26-09-14 10:02:15.967,2.49E-02
26-09-14 10:02:16.642,2.22E-02
26-09-14 10:02:17.318,2.23E-02
26-09-14 10:02:17.993,2.25E-02
26-09-14 10:02:18.677,2.21E-02
26-09-14 10:02:19.358,2.16E-02
26-09-14 10:02:20.034,2.35E-02
26-09-14 10:02:20.710,2.11E-02
26-09-14 10:02:21.386,2.13E-02
26-09-14 10:02:22.062,2.28E-02
26-09-14 10:02:22.738,2.00E-02
26-09-14 10:02:23.414,2.12E-02
26-09-14 10:02:24.088,2.28E-02
26-09-14 10:02:24.764,2.38E-02
26-09-14 10:02:25.442,2.36E-02
26-09-14 10:02:26.118,2.11E-02
26-09-14 10:02:26.801,2.22E-02
26-09-14 10:02:27.477,2.30E-02
26-09-14 10:02:28.153,2.45E-02
26-09-14 10:02:28.829,2.30E-02
26-09-14 10:02:29.505,2.36E-02
26-09-14 10:02:30.181,2.18E-02
26-09-14 10:02:30.857,2.94E-02
26-09-14 10:02:31.538,2.56E-02
26-09-14 10:02:32.213,2.30E-02
26-09-14 10:02:32.889,2.13E-02
26-09-14 10:02:33.565,2.30E-02
26-09-14 10:02:34.241,2.40E-02
26-09-14 10:02:34.925,2.39E-02
26-09-14 10:02:35.601,2.07E-02
26-09-14 10:02:36.276,3.61E-02
26-09-14 10:02:36.957,5.65E-02
26-09-14 10:02:37.632,2.38E-02
26-09-14 10:02:38.308,2.34E-02
26-09-14 10:02:38.983,2.34E-02
26-09-14 10:02:39.660,2.16E-02
26-09-14 10:02:40.335,9.25E-02
26-09-14 10:02:41.011,2.14E-02
26-09-14 10:02:41.686,2.17E-02
26-09-14 10:02:42.363,2.15E-02
26-09-14 10:02:43.043,2.30E-02
26-09-14 10:02:43.728,2.16E-02
26-09-14 10:02:44.403,2.21E-02
26-09-14 10:02:45.080,2.19E-02
26-09-14 10:02:45.754,2.21E-02
26-09-14 10:02:46.430,2.42E-02
26-09-14 10:02:47.105,2.29E-02
26-09-14 10:02:47.782,2.11E-02
26-09-14 10:02:48.456,2.13E-02
26-09-14 10:02:49.136,2.31E-02
26-09-14 10:02:49.811,2.30E-02
26-09-14 10:02:50.487,2.20E-02
26-09-14 10:02:51.162,2.28E-02
26-09-14 10:02:51.847,2.48E-02
26-09-14 10:02:52.524,8.33E-02
26-09-14 10:02:53.200,2.35E-02
26-09-14 10:02:53.876,2.46E-02
26-09-14 10:02:54.552,2.14E-02
26-09-14 10:02:55.233,2.06E-02
26-09-14 10:02:55.909,2.31E-02
26-09-14 10:02:56.585,2.13E-02
26-09-14 10:02:57.261,2.19E-02
26-09-14 10:02:57.937,2.30E-02
26-09-14 10:02:58.613,2.35E-02
26-09-14 10:02:59.289,2.21E-02
26-09-14 10:02:59.974,2.18E-02
26-09-14 10:03:00.653,2.29E-02
26-09-14 10:03:01.327,2.96E-02
26-09-14 10:03:02.003,2.93E-02
26-09-14 10:03:02.677,2.09E-02
26-09-14 10:03:03.353,5.73E-02
26-09-14 10:03:04.028,3.90E-02
26-09-14 10:03:04.705,2.34E-02
26-09-14 10:03:05.380,2.09E-02
26-09-14 10:03:06.056,2.36E-02
26-09-14 10:03:06.736,2.16E-02
26-09-14 10:03:07.412,2.13E-02
26-09-14 10:03:08.094,2.21E-02
26-09-14 10:03:08.769,2.41E-02
26-09-14 10:03:09.444,2.20E-02
26-09-14 10:03:10.119,2.14E-02
26-09-14 10:03:10.794,2.10E-02
26-09-14 10:03:11.469,2.06E-02
26-09-14 10:03:12.144,2.16E-02
26-09-14 10:03:12.823,2.20E-02
26-09-14 10:03:13.498,2.29E-02
26-09-14 10:03:14.171,1.94E-02
26-09-14 10:03:14.845,2.09E-02
26-09-14 10:03:15.520,2.20E-02
26-09-14 10:03:16.201,2.54E-02
26-09-14 10:03:16.876,2.13E-02
26-09-14 10:03:17.552,1.93E-02
26-09-14 10:03:18.227,2.22E-02
26-09-14 10:03:18.907,2.24E-02
26-09-14 10:03:19.582,2.27E-02
26-09-14 10:03:20.257,2.29E-02
26-09-14 10:03:20.932,2.12E-02
26-09-14 10:03:21.608,2.12E-02
26-09-14 10:03:22.283,2.13E-02
26-09-14 10:03:22.959,2.42E-02
26-09-14 10:03:23.634,2.08E-02
26-09-14 10:03:24.310,2.32E-02
26-09-14 10:03:24.998,2.38E-02
26-09-14 10:03:25.674,2.23E-02
26-09-14 10:03:26.348,2.34E-02
26-09-14 10:03:27.023,9.16E-02
26-09-14 10:03:27.699,2.42E-02
26-09-14 10:03:28.374,2.18E-02
26-09-14 10:03:29.050,2.30E-02
26-09-14 10:03:29.725,1.99E-02
26-09-14 10:03:30.406,2.23E-02
26-09-14 10:03:31.082,2.32E-02
26-09-14 10:03:31.759,2.38E-02
26-09-14 10:03:32.434,3.19E-02
26-09-14 10:03:33.119,2.11E-02
26-09-14 10:03:33.795,2.03E-02
26-09-14 10:03:34.471,1.99E-02
26-09-14 10:03:35.147,2.31E-02
26-09-14 10:03:35.823,2.10E-02
26-09-14 10:03:36.503,2.26E-02
26-09-14 10:03:37.178,2.03E-02
26-09-14 10:03:37.854,2.32E-02
26-09-14 10:03:38.528,2.38E-02
26-09-14 10:03:39.204,2.20E-02
26-09-14 10:03:39.879,2.34E-02
26-09-14 10:03:40.555,2.12E-02
26-09-14 10:03:41.240,3.44E-02
26-09-14 10:03:41.915,5.88E-02
26-09-14 10:03:42.595,2.13E-02
26-09-14 10:03:43.271,2.09E-02
26-09-14 10:03:43.947,2.37E-02
26-09-14 10:03:44.623,2.07E-02
26-09-14 10:03:45.299,2.30E-02
26-09-14 10:03:45.975,2.19E-02
26-09-14 10:03:46.651,2.21E-02
26-09-14 10:03:47.327,2.28E-02
26-09-14 10:03:48.003,6.27E-02
26-09-14 10:03:48.684,3.07E-02
26-09-14 10:03:49.368,2.07E-02
26-09-14 10:03:50.044,2.24E-02
26-09-14 10:03:50.718,2.29E-02
26-09-14 10:03:51.394,2.41E-02
26-09-14 10:03:52.069,2.15E-02
26-09-14 10:03:52.746,2.10E-02
26-09-14 10:03:53.421,2.22E-02
26-09-14 10:03:54.102,2.21E-02
26-09-14 10:03:54.778,2.13E-02
26-09-14 10:03:55.454,1.97E-02
26-09-14 10:03:56.129,2.38E-02
26-09-14 10:03:56.805,2.33E-02
26-09-14 10:03:57.488,1.98E-02
26-09-14 10:03:58.162,2.25E-02
26-09-14 10:03:58.838,2.19E-02
26-09-14 10:03:59.514,2.21E-02
26-09-14 10:04:00.194,2.40E-02
26-09-14 10:04:00.869,2.23E-02
26-09-14 10:04:01.544,2.22E-02
26-09-14 10:04:02.220,2.26E-02
26-09-14 10:04:02.895,2.85E-02
26-09-14 10:04:03.571,2.76E-02
26-09-14 10:04:04.246,2.19E-02
26-09-14 10:04:04.922,2.18E-02
26-09-14 10:04:05.597,2.17E-02
26-09-14 10:04:06.280,2.21E-02
26-09-14 10:04:06.956,7.16E-02
26-09-14 10:04:07.631,2.62E-02
26-09-14 10:04:08.308,2.04E-02
26-09-14 10:04:08.983,2.17E-02
26-09-14 10:04:09.659,2.15E-02
26-09-14 10:04:10.334,2.18E-02
26-09-14 10:04:11.010,2.06E-02
26-09-14 10:04:11.685,2.47E-02
26-09-14 10:04:12.365,2.32E-02
26-09-14 10:04:13.041,2.11E-02
26-09-14 10:04:13.717,2.23E-02
26-09-14 10:04:14.402,2.26E-02
26-09-14 10:04:15.077,2.33E-02
26-09-14 10:04:15.752,2.27E-02
26-09-14 10:04:16.427,2.07E-02
26-09-14 10:04:17.102,2.15E-02
26-09-14 10:04:17.777,2.22E-02
26-09-14 10:04:18.452,2.09E-02
26-09-14 10:04:19.129,2.21E-02
26-09-14 10:04:19.804,2.22E-02
26-09-14 10:04:20.480,2.14E-02
26-09-14 10:04:21.155,2.04E-02
26-09-14 10:04:21.830,2.23E-02
26-09-14 10:04:22.555,2.55E-02
26-09-14 10:04:23.234,2.05E-02
26-09-14 10:04:23.908,2.36E-02
26-09-14 10:04:24.584,2.31E-02
26-09-14 10:04:25.259,2.30E-02
26-09-14 10:04:25.934,2.04E-02
26-09-14 10:04:26.609,2.34E-02
26-09-14 10:04:27.284,2.50E-02
26-09-14 10:04:27.959,2.52E-02
26-09-14 10:04:28.635,2.13E-02
26-09-14 10:04:29.315,2.21E-02
26-09-14 10:04:29.990,2.20E-02
26-09-14 10:04:30.672,2.24E-02
26-09-14 10:04:31.348,1.99E-02
26-09-14 10:04:32.024,2.11E-02
26-09-14 10:04:32.700,5.87E-02
26-09-14 10:04:33.376,3.68E-02
26-09-14 10:04:34.052,2.91E-02
26-09-14 10:04:34.728,1.99E-02
26-09-14 10:04:35.408,2.21E-02
26-09-14 10:04:36.084,2.15E-02
26-09-14 10:04:36.758,2.25E-02
26-09-14 10:04:37.433,2.10E-02
26-09-14 10:04:38.109,2.22E-02
26-09-14 10:04:38.792,2.23E-02
26-09-14 10:04:39.468,2.23E-02
26-09-14 10:04:40.144,2.38E-02
26-09-14 10:04:40.820,2.30E-02
26-09-14 10:04:41.501,2.12E-02
26-09-14 10:04:42.177,2.09E-02
26-09-14 10:04:42.853,2.07E-02
26-09-14 10:04:43.529,2.14E-02
26-09-14 10:04:44.205,2.12E-02
26-09-14 10:04:44.882,2.33E-02
26-09-14 10:04:45.557,2.25E-02
26-09-14 10:04:46.233,2.36E-02
26-09-14 10:04:46.911,2.35E-02
26-09-14 10:04:47.586,2.02E-02
26-09-14 10:04:48.262,2.28E-02
26-09-14 10:04:48.937,2.32E-02
26-09-14 10:04:49.613,2.31E-02
26-09-14 10:04:50.288,2.16E-02
26-09-14 10:04:50.964,2.23E-02
26-09-14 10:04:51.639,2.18E-02
26-09-14 10:04:52.316,2.11E-02
26-09-14 10:04:52.994,2.30E-02
26-09-14 10:04:53.668,2.30E-02
26-09-14 10:04:54.343,2.18E-02
26-09-14 10:04:55.018,2.25E-02
26-09-14 10:04:55.703,2.15E-02
26-09-14 10:04:56.380,2.35E-02
26-09-14 10:04:57.056,2.46E-02
26-09-14 10:04:57.732,2.08E-02
26-09-14 10:04:58.408,2.08E-02
26-09-14 10:04:59.088,2.31E-02
26-09-14 10:04:59.763,2.14E-02
26-09-14 10:05:00.439,2.30E-02
26-09-14 10:05:01.113,2.13E-02
26-09-14 10:05:01.789,2.24E-02
26-09-14 10:05:02.464,2.20E-02
26-09-14 10:05:03.140,2.49E-02
26-09-14 10:05:03.825,2.15E-02
26-09-14 10:05:04.500,2.99E-02
26-09-14 10:05:05.180,2.08E-02
26-09-14 10:05:05.856,1.99E-02
26-09-14 10:05:06.961,2.40E-02
26-09-14 10:05:07.637,2.11E-02
26-09-14 10:05:08.314,2.26E-02
26-09-14 10:05:08.990,2.29E-02
26-09-14 10:05:09.666,2.10E-02
26-09-14 10:05:10.342,2.32E-02
26-09-14 10:05:11.018,2.51E-02
26-09-14 10:05:11.694,2.06E-02
26-09-14 10:05:12.378,1.95E-02
26-09-14 10:05:13.059,2.21E-02
26-09-14 10:05:13.735,2.34E-02
26-09-14 10:05:14.411,2.22E-02
26-09-14 10:05:15.087,2.25E-02
26-09-14 10:05:15.763,2.05E-02
26-09-14 10:05:16.439,2.32E-02
26-09-14 10:05:17.115,2.29E-02
26-09-14 10:05:17.791,2.05E-02
26-09-14 10:05:18.467,2.20E-02
26-09-14 10:05:19.144,2.57E-02
26-09-14 10:05:19.820,2.26E-02
26-09-14 10:05:20.503,2.03E-02
26-09-14 10:05:21.178,2.17E-02
26-09-14 10:05:21.853,2.49E-02
26-09-14 10:05:22.529,2.15E-02
26-09-14 10:05:23.204,2.33E-02
26-09-14 10:05:23.880,2.31E-02
26-09-14 10:05:24.559,2.36E-02
26-09-14 10:05:25.234,2.08E-02
26-09-14 10:05:25.909,2.13E-02
26-09-14 10:05:26.585,2.25E-02
26-09-14 10:05:27.259,4.79E-02
26-09-14 10:05:27.935,4.77E-02
26-09-14 10:05:28.617,2.15E-02
26-09-14 10:05:29.292,2.50E-02
26-09-14 10:05:29.968,2.04E-02
26-09-14 10:05:30.648,2.13E-02
26-09-14 10:05:31.324,2.32E-02
26-09-14 10:05:31.999,2.22E-02
26-09-14 10:05:32.675,2.17E-02
26-09-14 10:05:33.350,2.27E-02
26-09-14 10:05:34.025,2.10E-02
26-09-14 10:05:34.700,2.28E-02
26-09-14 10:05:35.375,2.94E-02
26-09-14 10:05:36.050,2.12E-02
26-09-14 10:05:36.730,2.37E-02
26-09-14 10:05:37.415,2.13E-02
26-09-14 10:05:38.090,2.13E-02
26-09-14 10:05:38.766,2.14E-02
26-09-14 10:05:39.441,2.47E-02
26-09-14 10:05:40.117,2.24E-02
26-09-14 10:05:40.792,2.24E-02
26-09-14 10:05:41.468,2.28E-02
26-09-14 10:05:42.143,2.31E-02
26-09-14 10:05:42.821,2.26E-02
26-09-14 10:05:43.497,2.44E-02
26-09-14 10:05:44.171,2.11E-02
26-09-14 10:05:44.847,2.25E-02
26-09-14 10:05:45.532,2.23E-02
26-09-14 10:05:46.207,2.18E-02
26-09-14 10:05:46.883,2.27E-02
26-09-14 10:05:47.558,2.24E-02
26-09-14 10:05:48.239,2.03E-02
26-09-14 10:05:48.915,2.28E-02
26-09-14 10:05:49.591,2.21E-02
26-09-14 10:05:50.266,2.13E-02
26-09-14 10:05:50.942,2.26E-02
26-09-14 10:05:51.617,2.37E-02
26-09-14 10:05:52.293,2.25E-02
26-09-14 10:05:52.968,1.97E-02
26-09-14 10:05:53.653,2.06E-02
26-09-14 10:05:54.334,2.23E-02
26-09-14 10:05:55.010,2.37E-02
26-09-14 10:05:55.686,2.15E-02
26-09-14 10:05:56.362,2.13E-02
26-09-14 10:05:57.039,2.22E-02
26-09-14 10:05:57.715,2.29E-02
26-09-14 10:05:58.391,1.91E-02
26-09-14 10:05:59.067,2.23E-02
26-09-14 10:05:59.743,2.20E-02
26-09-14 10:06:00.422,2.10E-02
26-09-14 10:06:01.097,2.52E-02
26-09-14 10:06:01.780,2.23E-02
26-09-14 10:06:02.456,2.10E-02
26-09-14 10:06:03.132,2.23E-02
26-09-14 10:06:03.808,2.10E-02
26-09-14 10:06:04.484,2.27E-02
26-09-14 10:06:05.160,2.29E-02
26-09-14 10:06:05.836,3.13E-02
26-09-14 10:06:06.516,2.58E-02
26-09-14 10:06:07.192,9.07E-02
26-09-14 10:06:07.868,2.29E-02
26-09-14 10:06:08.544,2.13E-02
26-09-14 10:06:09.220,2.17E-02
26-09-14 10:06:09.904,2.15E-02
26-09-14 10:06:10.580,2.21E-02
26-09-14 10:06:11.255,2.25E-02
26-09-14 10:06:11.936,1.87E-02
26-09-14 10:06:12.611,2.08E-02
26-09-14 10:06:13.288,2.38E-02
26-09-14 10:06:13.963,2.17E-02
26-09-14 10:06:14.639,2.32E-02
26-09-14 10:06:15.314,2.23E-02
26-09-14 10:06:15.990,2.24E-02
26-09-14 10:06:16.665,2.16E-02
26-09-14 10:06:17.342,2.14E-02
26-09-14 10:06:18.022,2.36E-02
26-09-14 10:06:18.707,2.27E-02
26-09-14 10:06:19.382,2.45E-02
26-09-14 10:06:20.059,1.90E-02
26-09-14 10:06:20.734,2.22E-02
26-09-14 10:06:21.411,2.33E-02
26-09-14 10:06:22.086,2.02E-02
26-09-14 10:06:22.762,2.16E-02
26-09-14 10:06:23.437,2.23E-02
26-09-14 10:06:24.117,2.19E-02
26-09-14 10:06:24.792,2.11E-02
26-09-14 10:06:25.468,2.21E-02
26-09-14 10:06:26.143,2.07E-02
26-09-14 10:06:26.828,2.36E-02
26-09-14 10:06:27.504,2.15E-02
26-09-14 10:06:28.179,2.29E-02
26-09-14 10:06:28.854,2.11E-02
26-09-14 10:06:29.529,2.21E-02
26-09-14 10:06:30.209,2.12E-02
26-09-14 10:06:30.884,2.62E-02
26-09-14 10:06:31.559,6.79E-02
26-09-14 10:06:32.234,2.23E-02
26-09-14 10:06:32.910,2.19E-02
26-09-14 10:06:33.585,2.11E-02
26-09-14 10:06:34.260,2.07E-02
26-09-14 10:06:34.943,2.04E-02
26-09-14 10:06:35.619,2.48E-02
26-09-14 10:06:36.295,2.69E-02
26-09-14 10:06:36.971,2.70E-02
26-09-14 10:06:37.646,2.24E-02
26-09-14 10:06:38.322,2.21E-02
26-09-14 10:06:38.997,2.29E-02
26-09-14 10:06:39.672,2.26E-02
26-09-14 10:06:40.347,2.27E-02
26-09-14 10:06:41.022,2.22E-02
26-09-14 10:06:41.701,2.27E-02
26-09-14 10:06:42.375,2.15E-02
26-09-14 10:06:43.058,2.29E-02
26-09-14 10:06:43.733,2.17E-02
26-09-14 10:06:44.410,2.16E-02
26-09-14 10:06:45.085,2.37E-02
26-09-14 10:06:45.761,2.35E-02
26-09-14 10:06:46.437,2.23E-02
26-09-14 10:06:47.114,2.09E-02
26-09-14 10:06:47.794,2.19E-02
26-09-14 10:06:48.470,2.23E-02
26-09-14 10:06:49.145,2.36E-02
26-09-14 10:06:49.821,2.22E-02
26-09-14 10:06:50.496,2.25E-02
26-09-14 10:06:51.179,2.09E-02
26-09-14 10:06:51.855,2.19E-02
26-09-14 10:06:52.531,2.23E-02
26-09-14 10:06:53.207,2.24E-02
26-09-14 10:06:53.886,2.39E-02
26-09-14 10:06:54.562,2.32E-02
26-09-14 10:06:55.237,2.01E-02
26-09-14 10:06:55.914,2.21E-02
26-09-14 10:06:56.589,1.98E-02
26-09-14 10:06:57.265,2.31E-02
26-09-14 10:06:57.940,2.35E-02
26-09-14 10:06:58.616,2.26E-02
26-09-14 10:06:59.291,2.23E-02
26-09-14 10:06:59.974,2.20E-02
26-09-14 10:07:00.651,2.24E-02
26-09-14 10:07:01.326,2.41E-02
26-09-14 10:07:02.002,2.13E-02
26-09-14 10:07:02.677,2.41E-02
26-09-14 10:07:03.353,2.05E-02
26-09-14 10:07:04.028,2.37E-02
26-09-14 10:07:04.704,2.11E-02
26-09-14 10:07:05.379,2.19E-02
26-09-14 10:07:06.054,2.03E-02
26-09-14 10:07:06.730,2.21E-02
26-09-14 10:07:07.406,3.27E-02
26-09-14 10:07:08.090,8.84E-02
26-09-14 10:07:08.766,2.36E-02
26-09-14 10:07:09.442,2.16E-02
26-09-14 10:07:10.118,8.05E-02
26-09-14 10:07:10.794,2.21E-02
26-09-14 10:07:11.474,2.25E-02
26-09-14 10:07:12.149,2.13E-02
26-09-14 10:07:12.825,2.23E-02
26-09-14 10:07:13.500,2.24E-02
26-09-14 10:07:14.177,2.15E-02
26-09-14 10:07:14.852,2.20E-02
26-09-14 10:07:15.529,2.32E-02
26-09-14 10:07:16.214,2.17E-02
26-09-14 10:07:16.889,2.13E-02
26-09-14 10:07:17.569,2.26E-02
26-09-14 10:07:18.244,2.19E-02
26-09-14 10:07:18.921,2.16E-02
26-09-14 10:07:19.596,2.00E-02
26-09-14 10:07:20.272,2.20E-02
26-09-14 10:07:20.947,2.27E-02
26-09-14 10:07:21.623,2.17E-02
26-09-14 10:07:22.298,2.17E-02
26-09-14 10:07:22.974,2.27E-02
26-09-14 10:07:23.654,2.19E-02
26-09-14 10:07:24.337,2.25E-02
26-09-14 10:07:25.013,2.26E-02
26-09-14 10:07:25.689,2.18E-02
26-09-14 10:07:26.365,2.22E-02
26-09-14 10:07:27.041,2.31E-02
26-09-14 10:07:27.717,2.11E-02
26-09-14 10:07:28.393,2.25E-02
26-09-14 10:07:29.069,2.08E-02
26-09-14 10:07:29.749,2.15E-02
26-09-14 10:07:30.425,2.10E-02
26-09-14 10:07:31.101,2.30E-02
26-09-14 10:07:31.777,2.24E-02
26-09-14 10:07:32.460,2.13E-02
26-09-14 10:07:33.134,2.00E-02
26-09-14 10:07:33.810,2.22E-02
26-09-14 10:07:34.485,2.12E-02
26-09-14 10:07:35.163,2.17E-02
26-09-14 10:07:35.838,2.30E-02
26-09-14 10:07:36.514,5.71E-02
26-09-14 10:07:37.189,3.66E-02
26-09-14 10:07:37.864,2.87E-02
26-09-14 10:07:38.539,2.86E-02
26-09-14 10:07:39.215,2.29E-02
26-09-14 10:07:39.890,2.09E-02
26-09-14 10:07:40.568,2.08E-02
26-09-14 10:07:41.247,2.07E-02
26-09-14 10:07:41.922,2.27E-02
26-09-14 10:07:42.597,2.36E-02
26-09-14 10:07:43.272,2.22E-02
26-09-14 10:07:43.947,1.97E-02
26-09-14 10:07:44.622,2.20E-02
26-09-14 10:07:45.297,2.35E-02
26-09-14 10:07:45.972,2.18E-02
26-09-14 10:07:46.647,2.18E-02
26-09-14 10:07:47.325,2.15E-02
26-09-14 10:07:48.001,2.05E-02
26-09-14 10:07:48.676,2.01E-02
26-09-14 10:07:49.360,2.24E-02
26-09-14 10:07:50.036,2.13E-02
26-09-14 10:07:50.712,2.19E-02
26-09-14 10:07:51.388,2.09E-02
26-09-14 10:07:52.064,2.38E-02
26-09-14 10:07:52.740,2.05E-02
26-09-14 10:07:53.421,2.13E-02
26-09-14 10:07:54.097,2.18E-02
26-09-14 10:07:54.773,2.35E-02
26-09-14 10:07:55.449,2.41E-02
26-09-14 10:07:56.125,1.96E-02
26-09-14 10:07:56.801,2.26E-02
26-09-14 10:07:57.485,2.32E-02
26-09-14 10:07:58.159,2.15E-02
26-09-14 10:07:58.838,2.33E-02
26-09-14 10:07:59.514,6.98E-02
26-09-14 10:08:00.190,2.24E-02
26-09-14 10:08:00.866,2.39E-02
26-09-14 10:08:01.542,7.90E-02
26-09-14 10:08:02.218,2.40E-02
26-09-14 10:08:02.894,2.43E-02
26-09-14 10:08:03.570,6.67E-02
26-09-14 10:08:04.246,2.43E-02
26-09-14 10:08:04.926,2.39E-02
26-09-14 10:08:05.611,5.70E-02
26-09-14 10:08:06.286,3.48E-02
26-09-14 10:08:06.962,7.26E-02
26-09-14 10:08:07.637,7.90E-02
26-09-14 10:08:08.313,2.43E-02
26-09-14 10:08:08.988,3.13E-02
26-09-14 10:08:09.664,2.30E-02
26-09-14 10:08:10.339,5.89E-02
26-09-14 10:08:11.019,3.77E-02
26-09-14 10:08:11.694,2.38E-02
26-09-14 10:08:12.370,2.13E-02
26-09-14 10:08:13.045,2.25E-02
26-09-14 10:08:13.729,2.05E-02
26-09-14 10:08:14.405,2.38E-02
26-09-14 10:08:15.081,2.88E-02
26-09-14 10:08:15.757,6.36E-02
26-09-14 10:08:16.433,8.59E-02
26-09-14 10:08:17.113,8.17E-02
26-09-14 10:08:17.789,7.75E-02
26-09-14 10:08:18.465,2.08E-02
26-09-14 10:08:19.141,2.31E-02
26-09-14 10:08:19.817,2.14E-02
26-09-14 10:08:20.493,2.26E-02
26-09-14 10:08:21.169,2.20E-02
26-09-14 10:08:21.853,2.19E-02
26-09-14 10:08:22.533,2.18E-02
26-09-14 10:08:23.208,2.08E-02
26-09-14 10:08:23.884,3.50E-02
26-09-14 10:08:24.559,5.63E-02
26-09-14 10:08:25.236,2.27E-02
26-09-14 10:08:25.911,2.29E-02
26-09-14 10:08:26.589,2.42E-02
26-09-14 10:08:27.264,2.28E-02
26-09-14 10:08:27.940,2.06E-02
26-09-14 10:08:28.620,2.23E-02
26-09-14 10:08:29.296,2.36E-02
26-09-14 10:08:29.970,2.15E-02
26-09-14 10:08:30.655,2.13E-02
26-09-14 10:08:31.330,2.10E-02
26-09-14 10:08:32.006,2.16E-02
26-09-14 10:08:32.682,2.24E-02
26-09-14 10:08:33.358,2.42E-02
26-09-14 10:08:34.034,2.18E-02
26-09-14 10:08:34.712,2.00E-02
26-09-14 10:08:35.388,2.15E-02
26-09-14 10:08:36.063,2.28E-02
26-09-14 10:08:36.740,2.32E-02
26-09-14 10:08:37.415,2.23E-02
26-09-14 10:08:38.091,2.39E-02
26-09-14 10:08:38.776,2.21E-02
26-09-14 10:08:39.451,3.20E-02
26-09-14 10:08:40.127,2.23E-02
26-09-14 10:08:40.807,2.21E-02
26-09-14 10:08:41.482,2.13E-02
26-09-14 10:08:42.157,2.11E-02
26-09-14 10:08:42.832,2.26E-02
26-09-14 10:08:43.507,2.21E-02
26-09-14 10:08:44.182,2.17E-02
26-09-14 10:08:44.857,2.29E-02
26-09-14 10:08:45.532,2.16E-02
26-09-14 10:08:46.208,2.44E-02
26-09-14 10:08:46.931,2.25E-02
26-09-14 10:08:47.607,2.06E-02
26-09-14 10:08:48.282,2.12E-02
26-09-14 10:08:48.958,2.51E-02
26-09-14 10:08:49.633,2.38E-02
26-09-14 10:08:50.309,2.30E-02
26-09-14 10:08:50.984,2.28E-02
26-09-14 10:08:51.664,2.21E-02
26-09-14 10:08:52.338,2.14E-02
26-09-14 10:08:53.013,2.22E-02
26-09-14 10:08:53.688,2.07E-02
26-09-14 10:08:54.364,2.28E-02
26-09-14 10:08:55.046,2.13E-02
26-09-14 10:08:55.722,2.34E-02
26-09-14 10:08:56.398,2.08E-02
26-09-14 10:08:57.074,2.04E-02
26-09-14 10:08:57.754,2.03E-02
26-09-14 10:08:58.429,2.12E-02
26-09-14 10:08:59.105,2.45E-02
26-09-14 10:08:59.780,2.22E-02
26-09-14 10:09:00.456,2.14E-02
26-09-14 10:09:01.131,2.14E-02
26-09-14 10:09:01.808,2.21E-02
26-09-14 10:09:02.483,2.21E-02
26-09-14 10:09:03.166,2.04E-02
26-09-14 10:09:03.847,1.93E-02
26-09-14 10:09:04.521,2.21E-02
26-09-14 10:09:05.196,2.20E-02
26-09-14 10:09:05.872,2.26E-02
26-09-14 10:09:06.547,2.17E-02
26-09-14 10:09:07.223,2.41E-02
26-09-14 10:09:07.898,1.93E-02
26-09-14 10:09:08.574,2.27E-02
26-09-14 10:09:09.249,2.17E-02
26-09-14 10:09:09.927,2.60E-02
26-09-14 10:09:10.603,2.65E-02
26-09-14 10:09:11.277,2.45E-02
26-09-14 10:09:11.962,2.21E-02
26-09-14 10:09:12.637,2.16E-02
26-09-14 10:09:13.313,2.22E-02
26-09-14 10:09:13.989,2.40E-02
26-09-14 10:09:14.665,2.30E-02
26-09-14 10:09:15.346,2.11E-02
26-09-14 10:09:16.022,2.20E-02
26-09-14 10:09:16.698,2.17E-02
26-09-14 10:09:17.373,2.21E-02
26-09-14 10:09:18.050,2.15E-02
26-09-14 10:09:18.724,2.22E-02
26-09-14 10:09:19.400,2.16E-02
26-09-14 10:09:20.085,2.28E-02
26-09-14 10:09:20.760,2.19E-02
26-09-14 10:09:21.440,2.20E-02
26-09-14 10:09:22.116,2.21E-02
26-09-14 10:09:22.792,2.13E-02
26-09-14 10:09:23.468,2.31E-02
26-09-14 10:09:24.144,2.44E-02
26-09-14 10:09:24.820,2.44E-02
26-09-14 10:09:25.496,2.32E-02
26-09-14 10:09:26.172,2.29E-02
26-09-14 10:09:26.848,2.15E-02
26-09-14 10:09:27.526,2.13E-02
26-09-14 10:09:28.211,2.23E-02
26-09-14 10:09:28.888,2.13E-02
26-09-14 10:09:29.564,2.27E-02
26-09-14 10:09:30.240,2.17E-02
26-09-14 10:09:30.916,2.04E-02
26-09-14 10:09:31.592,2.07E-02
26-09-14 10:09:32.268,2.11E-02
26-09-14 10:09:32.944,2.38E-02
26-09-14 10:09:33.625,2.26E-02
26-09-14 10:09:34.301,2.21E-02
26-09-14 10:09:35.408,2.13E-02
26-09-14 10:09:36.084,2.06E-02
26-09-14 10:09:36.768,2.21E-02
26-09-14 10:09:37.443,2.21E-02
26-09-14 10:09:38.119,2.29E-02
26-09-14 10:09:38.794,2.06E-02
26-09-14 10:09:39.470,2.27E-02
26-09-14 10:09:40.145,2.33E-02
26-09-14 10:09:40.821,3.00E-02
26-09-14 10:09:41.501,2.21E-02
26-09-14 10:09:42.176,2.15E-02
26-09-14 10:09:42.852,2.21E-02
26-09-14 10:09:43.527,2.11E-02
26-09-14 10:09:44.203,2.32E-02
26-09-14 10:09:44.885,2.33E-02
26-09-14 10:09:45.560,2.33E-02
26-09-14 10:09:46.235,2.07E-02
26-09-14 10:09:46.916,2.68E-02
26-09-14 10:09:47.591,2.18E-02
26-09-14 10:09:48.267,2.36E-02
26-09-14 10:09:48.942,2.13E-02
26-09-14 10:09:49.618,2.26E-02
26-09-14 10:09:50.293,2.22E-02
26-09-14 10:09:50.969,2.25E-02
26-09-14 10:09:51.644,2.22E-02
26-09-14 10:09:52.319,2.22E-02
26-09-14 10:09:52.999,2.26E-02
26-09-14 10:09:53.675,2.14E-02
26-09-14 10:09:54.350,2.04E-02
26-09-14 10:09:55.025,2.14E-02
26-09-14 10:09:55.701,2.38E-02
26-09-14 10:09:56.376,2.21E-02
26-09-14 10:09:57.051,2.34E-02
26-09-14 10:09:57.726,2.08E-02
26-09-14 10:09:58.401,2.24E-02
26-09-14 10:09:59.081,2.23E-02
26-09-14 10:09:59.756,2.18E-02
26-09-14 10:10:00.431,2.19E-02
26-09-14 10:10:01.107,7.04E-02
26-09-14 10:10:01.792,2.60E-02
26-09-14 10:10:02.468,2.11E-02
26-09-14 10:10:03.143,2.19E-02
26-09-14 10:10:03.818,2.18E-02
26-09-14 10:10:04.494,2.36E-02
26-09-14 10:10:05.174,2.06E-02
26-09-14 10:10:05.850,2.40E-02
26-09-14 10:10:06.526,2.00E-02
26-09-14 10:10:07.201,8.36E-02
26-09-14 10:10:07.877,2.36E-02
26-09-14 10:10:08.552,2.20E-02
26-09-14 10:10:09.228,2.19E-02
26-09-14 10:10:09.913,2.15E-02
26-09-14 10:10:10.588,2.35E-02
26-09-14 10:10:11.265,2.69E-02
26-09-14 10:10:11.941,2.83E-02
26-09-14 10:10:12.616,2.07E-02
26-09-14 10:10:13.293,2.10E-02
26-09-14 10:10:13.968,2.35E-02
26-09-14 10:10:14.644,7.48E-02
26-09-14 10:10:15.319,2.22E-02
26-09-14 10:10:15.996,5.47E-02
26-09-14 10:10:16.675,3.64E-02
26-09-14 10:10:17.350,2.43E-02
26-09-14 10:10:18.032,2.30E-02
26-09-14 10:10:18.707,2.16E-02
26-09-14 10:10:19.383,2.16E-02
26-09-14 10:10:20.058,2.17E-02
26-09-14 10:10:20.734,2.25E-02
26-09-14 10:10:21.409,2.35E-02
26-09-14 10:10:22.085,2.28E-02
26-09-14 10:10:22.765,2.09E-02
26-09-14 10:10:23.441,2.20E-02
26-09-14 10:10:24.116,2.02E-02
26-09-14 10:10:24.793,2.16E-02
26-09-14 10:10:25.468,2.27E-02
26-09-14 10:10:26.151,2.28E-02
26-09-14 10:10:26.827,2.10E-02
26-09-14 10:10:27.503,2.24E-02
26-09-14 10:10:28.179,2.28E-02
26-09-14 10:10:28.858,2.23E-02
26-09-14 10:10:29.535,2.24E-02
26-09-14 10:10:30.209,2.07E-02
26-09-14 10:10:30.885,1.92E-02
26-09-14 10:10:31.560,2.38E-02
26-09-14 10:10:32.236,2.22E-02
26-09-14 10:10:32.911,2.15E-02
26-09-14 10:10:33.587,2.13E-02
26-09-14 10:10:34.265,2.37E-02
26-09-14 10:10:34.946,2.14E-02
26-09-14 10:10:35.622,2.22E-02
26-09-14 10:10:36.298,2.09E-02
26-09-14 10:10:36.974,2.15E-02
26-09-14 10:10:37.650,2.56E-02
26-09-14 10:10:38.326,2.08E-02
26-09-14 10:10:39.002,2.31E-02
26-09-14 10:10:39.678,2.25E-02
26-09-14 10:10:40.354,2.41E-02
26-09-14 10:10:41.031,2.17E-02
26-09-14 10:10:41.707,2.37E-02
26-09-14 10:10:42.382,3.03E-02
26-09-14 10:10:43.067,2.16E-02
26-09-14 10:10:43.743,2.06E-02
26-09-14 10:10:44.419,2.23E-02
26-09-14 10:10:45.095,2.22E-02
26-09-14 10:10:45.771,2.26E-02
26-09-14 10:10:46.451,2.10E-02
26-09-14 10:10:47.126,2.41E-02
26-09-14 10:10:47.802,2.24E-02
26-09-14 10:10:48.476,2.19E-02
26-09-14 10:10:49.152,2.20E-02
26-09-14 10:10:49.827,2.39E-02
26-09-14 10:10:50.504,2.18E-02
26-09-14 10:10:51.188,2.12E-02
26-09-14 10:10:51.863,2.10E-02
26-09-14 10:10:52.542,2.28E-02
26-09-14 10:10:53.217,2.21E-02
26-09-14 10:10:53.893,2.14E-02
26-09-14 10:10:54.568,2.89E-02
26-09-14 10:10:55.243,2.12E-02
26-09-14 10:10:55.918,2.14E-02
26-09-14 10:10:56.594,2.27E-02
26-09-14 10:10:57.270,2.08E-02
26-09-14 10:10:57.945,2.35E-02
26-09-14 10:10:58.625,2.10E-02
26-09-14 10:10:59.308,2.13E-02
26-09-14 10:10:59.983,2.15E-02
26-09-14 10:11:00.658,2.06E-02
26-09-14 10:11:01.333,2.33E-02
26-09-14 10:11:02.008,2.32E-02
26-09-14 10:11:02.683,2.26E-02
26-09-14 10:11:03.358,2.14E-02
26-09-14 10:11:04.034,2.17E-02
26-09-14 10:11:04.714,2.32E-02
26-09-14 10:11:05.389,2.38E-02
26-09-14 10:11:06.065,2.26E-02
26-09-14 10:11:06.740,1.97E-02
26-09-14 10:11:07.423,2.28E-02
26-09-14 10:11:08.099,1.99E-02
26-09-14 10:11:08.775,2.12E-02
26-09-14 10:11:09.451,2.08E-02
26-09-14 10:11:10.131,2.27E-02
26-09-14 10:11:10.807,2.28E-02
26-09-14 10:11:11.483,2.21E-02
26-09-14 10:11:12.158,2.19E-02
26-09-14 10:11:12.833,2.73E-02
26-09-14 10:11:13.508,2.72E-02
26-09-14 10:11:14.184,2.08E-02
26-09-14 10:11:14.859,2.05E-02
26-09-14 10:11:15.543,2.06E-02
26-09-14 10:11:16.223,2.84E-02
26-09-14 10:11:16.899,2.42E-02
26-09-14 10:11:17.575,2.58E-02
26-09-14 10:11:18.251,3.00E-02
26-09-14 10:11:18.927,2.69E-02
26-09-14 10:11:19.603,1.28E-01
26-09-14 10:11:20.279,2.56E+00
26-09-14 10:11:20.955,2.41E+00
26-09-14 10:11:21.631,2.64E+00
26-09-14 10:11:22.309,2.68E+00
26-09-14 10:11:22.985,2.90E+00
26-09-14 10:11:23.660,2.85E+00
26-09-14 10:11:24.345,2.80E+00
26-09-14 10:11:25.021,2.84E+00
26-09-14 10:11:25.697,2.81E+00
26-09-14 10:11:26.373,2.81E+00
26-09-14 10:11:27.049,2.79E+00
26-09-14 10:11:27.725,2.79E+00
26-09-14 10:11:28.406,2.81E+00
26-09-14 10:11:29.082,2.79E+00
26-09-14 10:11:29.758,2.78E+00
26-09-14 10:11:30.434,2.77E+00
26-09-14 10:11:31.110,2.81E+00
26-09-14 10:11:31.786,2.81E+00
26-09-14 10:11:32.470,2.68E+00
26-09-14 10:11:33.144,2.60E+00
26-09-14 10:11:33.823,2.63E+00
26-09-14 10:11:34.499,2.61E+00
26-09-14 10:11:35.175,2.63E+00
26-09-14 10:11:35.851,2.62E+00
26-09-14 10:11:36.527,2.60E+00
26-09-14 10:11:37.203,2.59E+00
26-09-14 10:11:37.879,2.62E+00
26-09-14 10:11:38.555,2.60E+00
26-09-14 10:11:39.231,2.61E+00
26-09-14 10:11:39.911,2.61E+00
26-09-14 10:11:40.597,2.61E+00
26-09-14 10:11:41.271,2.61E+00
26-09-14 10:11:41.947,2.62E+00
26-09-14 10:11:42.622,2.61E+00
26-09-14 10:11:43.298,2.66E+00
26-09-14 10:11:43.973,2.65E+00
26-09-14 10:11:44.649,2.66E+00
26-09-14 10:11:45.324,2.84E+00
26-09-14 10:11:46.004,1.36E+01
26-09-14 10:11:46.679,1.05E+01
26-09-14 10:11:47.356,9.81E+00
26-09-14 10:11:48.031,1.01E+01
26-09-14 10:11:48.713,1.11E+01
26-09-14 10:11:49.389,1.21E+01
26-09-14 10:11:50.065,1.21E+01
26-09-14 10:11:50.741,-1.11E+01
26-09-14 10:11:51.417,-8.17E+00
26-09-14 10:11:52.098,-7.39E+00
26-09-14 10:11:52.774,-7.00E+00
26-09-14 10:11:53.450,-6.56E+00
26-09-14 10:11:54.126,-6.25E+00
26-09-14 10:11:54.802,-5.94E+00
26-09-14 10:11:55.478,-5.62E+00
26-09-14 10:11:56.154,-5.31E+00
26-09-14 10:11:56.837,-5.07E+00
26-09-14 10:11:57.517,-4.78E+00
26-09-14 10:11:58.190,-4.56E+00
26-09-14 10:11:58.866,-4.32E+00
26-09-14 10:11:59.541,-4.12E+00
26-09-14 10:12:00.217,-3.90E+00
26-09-14 10:12:00.892,-3.72E+00
26-09-14 10:12:01.567,-3.59E+00
26-09-14 10:12:02.242,-3.41E+00
26-09-14 10:12:02.917,-3.27E+00
26-09-14 10:12:03.596,-3.15E+00
26-09-14 10:12:04.271,-3.03E+00
26-09-14 10:12:04.946,-2.93E+00
26-09-14 10:12:05.631,-2.80E+00
26-09-14 10:12:06.305,-2.73E+00
26-09-14 10:12:06.980,-2.64E+00
26-09-14 10:12:07.656,-2.55E+00
26-09-14 10:12:08.331,-2.45E+00
26-09-14 10:12:09.007,-2.40E+00
26-09-14 10:12:09.697,-2.31E+00
26-09-14 10:12:10.372,-2.28E+00
26-09-14 10:12:11.047,-2.19E+00
26-09-14 10:12:11.722,-2.16E+00
26-09-14 10:12:12.397,-2.09E+00
26-09-14 10:12:13.073,-2.05E+00
26-09-14 10:12:13.758,-1.97E+00
26-09-14 10:12:14.433,-1.98E+00
26-09-14 10:12:15.109,-1.89E+00
26-09-14 10:12:15.789,-1.84E+00
26-09-14 10:12:16.465,-1.86E+00
26-09-14 10:12:17.141,-1.78E+00
26-09-14 10:12:17.816,-1.76E+00
26-09-14 10:12:18.492,-1.75E+00
26-09-14 10:12:19.167,-1.71E+00
26-09-14 10:12:19.843,-1.66E+00
26-09-14 10:12:20.518,-1.67E+00
26-09-14 10:12:21.194,-1.62E+00
26-09-14 10:12:21.882,-1.60E+00
26-09-14 10:12:22.558,-1.57E+00
26-09-14 10:12:23.232,-1.56E+00
26-09-14 10:12:23.907,-1.54E+00
26-09-14 10:12:24.583,-1.53E+00
26-09-14 10:12:25.258,-1.48E+00
26-09-14 10:12:25.934,-1.49E+00
26-09-14 10:12:26.609,-1.49E+00
26-09-14 10:12:27.290,-1.44E+00
26-09-14 10:12:27.965,-1.42E+00
